id,content
1,"251 4차 산업혁명대비. 관련기관,기업체등 관계자 협의, 초,중,고등학교 교육과정 개정등 다각적인 노력과 대국민 홍보 필요"
2,250 규제 개혁을 하여 4차 산업이 뿌리내리도록 해야 할것
3,"248 과거의 여느 정부에서 그래왔듯이, 이번에도 과거정부의 슬로건(예; 창조경제) 이름만 바꾼 ""4차 산업혁명"" 정책에 거칠까 염려됩니다."
4,249 현 정부는 4차 산업혁명에 대한 기대는 많으나 그 맥을 이루는 기술발전에 대한 인식이 부족하며 4차 산업혁명을 이루기 위해서는 그에 따른 기술 및 지적지식권이 곁들어야 하는데 현재 정부의 관점에서는 수박겉 핡기밖에 할 수 없을 것이다. 기술을 단지 배움의 척도로 보아서는 기술의 발전을 이룰 수 없다 기술의 발전을 위해서는 의지가 굳건한 아이템을 소유한 사람이 발전된 기술력을 뒷받침 받아 가지고 있는 기술을 최대로 끌어 올려 실행이라는 목표를 이루어야만 이룰 수 있을 것이다. 이러할진데 현 정부는 눈에 보이는 기술력에 의지하여 미래를 이끌어야 할 4차 산업혁명을 말한다는 것은 어불성설에 그칠것이라 생각된다.
5,247 제4차 산업혁명의 경우 국내의 규제가 심한 부분이 많아 걸림돌이 되고 있으므로 규제개혁이 시급한 상황임
6,"246 모든 업종에 변화의 바람이 불어오는데 정부나 기업이 현실을 너무 모르는것 같아 마음이 아픕니다. 전통 제조업의 경우 대구/경북의 경영자의 나이가 약 55세 이상이 대부분이어서 과거의 방식을 고수하면서 변화를 싫어합니다. 또한 젊은이가 없는데 어떤 변화가 있겟습니까? 정부도 말로만 지원한다고 하지말고 지속적으로 이와관련 R&D나 제품개발에 무제한 지원과 네트워크 육성에 적극적인 관심을 가지며 특히 규모가 큰 장치산업 반도체,섬유 원사,자동차와 같은 대기업의 생존에 화두를 잡아주어야합니다. 대기업이 없으면 한국의 제조업의 사면초가입니다. 빈대 잡으려고 초가삼간 태우는 일은 없어야합니다. "
7,245 좀더 적극적으로 대응해 주시기 바랍니다.
8,"244 정권교체와 상관없이 정책,제도,인력 등 시스템의 연속성과 지속성이 보장되어야 하겠습니다."
9,243 우리 대한민국 미래의 먹거리
10,"242 4차산업혁명에 대한 논의가 일고 있지만 정부의 세밀한 청사진과 이에 대한 실천방안 등이 구호에 그치는 면을 많이 볼 수 있음. 체계적인 청사진과 이를 뒷받침 할 수 있는 정부의 행정지원, 세제혜택 등이 필요함을 느낌니다."
11,241 4차 산업혁명에 대한 대등 노력이 선제적으로 잘 하고 있다고 생각한다.
12,240 정보통신산업 기업의 이윤창출 구조를 깨끗하고 경쟁적으로 변환하려는 노력을 하면 문제점과 해결책이 같이 나올것입니다.
13,239 실무적인 구체적 실천방안 제시 필요
14,238 학생이나 일반인들도 함께 인식 할 수 있도록 홍보나 적절한 교육이 필요하다.
15,237 소리만 요란한것 같다.
16,"236 의견은 난무하나, 결과는 시기상조인것 같다 차근차근 치밀하게 준비하여 실행하되, 결과만을 내세우지 않았으면 좋겠다."
17,235 일시적인 정책을 세우지 말고 지속적인 정책 수립 추진이 필요함
18,"234 '4차 산업혁명'이라 칭해지고 있는 그것의 실체가 있기나 한가요? '4차 산업혁명'이라고 하는 특별한 분류가 있는 것은 아닌데, 마치 특별한 기술분야가 있는 것처럼 생각하는 것같아서 조심스럽습니다. 암튼, '4차 산업혁명'이라 불리는 것과 관련하여 생각해보면, 교육 분야에서부터 창의적이고 통찰력있는 인재를 양성해야 합니다. 그런데 '창의'와 '통찰'을 이야기하면 대부분 70-80년대의 주입식 교육을 완전 부정해야 하는 것처럼 생각하는데, '창의'와 '통찰'은 하늘에서 뚝 떨어지는 것이 아니라, 충분한 지식이 밑바탕에 있어야 '창의'와 '통찰'이 나올 수 있는 것입니다. "
19,"교육 분야에서 '공교육이 무너졌다'고들 하는데, 정말 그렇습니다. 학생들의 수준별 차이가 너무 넓어서 교사들이 수업 수준을 맞추기가 어렵고, 지나친 선행학습을 하고 있는 학생들은 학교 수업시간을 활용할 수가 없고, 교사들은 시험이 끝나고 나면 마저 진도를 나가기 보다는 영화나 틀어주면서 자신이 수업 외에 하여야 할 것들을 그 시간에 하고 있으니, 학생들도 학교 교육에 자신을 맡기지 못하는 것이 현실입니다. 이런 분위기의 학교 교육이 펼쳐지고 있는데, 여기에서 '창의'와 '통찰'을 이야기할 수 있을지 걱정스럽습니다."
20,233 아직은 용어만 인지하고 있는 수준임 
21,"232 향후 반도체, 이동통신에 이어 국가적 성패를 걸고 4차 산업육성에 지금보다 더 매진하여 주시기 바랍니다"
22,231 4차 산업을 기존의 산업계와 분리해서 인식하려는 것이 부조화의 시작이라고 봅니다. 국내 산업계의 구조적인 한계를 극복하지 않고 4차산업이라고 밀어붙이면 모래성이 될 수 밖에 없습니다. 국내산업계의 수익성을 확보할 수 있는 기회가 없는 상태에서 4차산업은 외국기업들의 수익성만 올려주는 상황이 됩니다. 국내기반산업을 위한 정부정책이 필요한 시점입니다. 중국과 동남아시아에 나가있는 한국 기업들의 상황을 파악하고 국내기반산업으로 확보할 방안을 세워야 합니다. 가장 중요한 산업시설의 자동화로 인건비부담을 줄이는 노력이 필요합니다. 4찬산업혁명의 시작은 산업계의 공장자동화를 얼마나 빠르게 확보하고 확산시킬수 있느냐 입니다. 
23,산업계에 필수적인 기술숙련공의 인적자원이 대부분 고령화로 공급이 어려운 부분입니다. 기술숙련공은 실제 수십년을 경험에 의한 숙련공이 되지만 공장자동화에 집중하면 신규기술인력을 단기간에 확보할 수 있습니다. 3D 업종이라는 인식을 벗을 수 있는 공장자동화기술의 개발에 대한 정부의 인식이 확보되어야 합니다.
24,230 솔직히 정부가 어떤 지원을 하고 있는지 잘 모르겠다.
25,229 언론 등에서 4차산업이라는 용어 사용은 많으나 구체적으로 무엇을 추진하고 있는지는 모르겠음. 단지 우리회사에서 적극 추진사항으로 내용만 알고 있음.
26,228 4차 산업혁명에 대한 방향 및 정책 의지에 관한 정부의 종합적인 추진 전략 세미나 등을 통해 중소기업의 참여가 늘어날 수 있도록 함. - 4차 산업혁명 준비에 대한 일부 규제 완화(잠정유예?)에 관해 대통령 발표가 있었지만 많은 이해 부족. 정부가 주도해 가고자 하는 정책 방향 제시 필요 - 중소기업중앙회 조사(2016년) 조사 자료에 의하면 중소기업의 4차 산업에 대한 인식 및 준비는 약 40%(?)로 낮음 
27,227 경제현황은 뒷전인체 적패청산에만 매달리고 있다 구진선
28,226 4차 산업으로 인한 부작용에 대한 대책이 없는 것 같다. 
29,225 4차 산업이 어느날 갑자기 다가온게 안이라 예전부터 서서히 진행되어 오다 현재 그 속도가 빨라졌을 뿐이라고 생각하고 호들갑스럽게 맞이할게 안이라 철저히 준비해서 진행시켜야 한다.
30,"224 2000년 당시의 벤쳐기업 붐 처럼 묻지마 투자가 되지 않기를 바랍니다. 여전히 굴뚝 산업(자동차, 반도체)이 국가의 기본이 되어야 함을 잊지 않아야 한다고 생각합니다."
31,223 기업체와 국가와 공유하여 진행해야 하는 사항인데 그렇지 않고 따로 노는 것 같음
32,222 중소업체에게 다양한 홍보와 부흥정책이 필요하다고 봅니다. 
33,221 4차 산업혁명 입으로만 하고있다
34,"220 4차 산업혁명의 발전과 활성화를 위해서는 현 교육정책의 개선이 시급하다고 생각됩니다. 대부분의 학생이 4차 산업혁명에 대해 제대로 인식하지 못하고 있으며, 토론이나 토의 등으로 생각을 나눠본 결과 대다수의 학생들이 4차 산업혁명에 부정적인 반응을 나타내었습니다. 저는 현재 하나고등학교 3학년에 재학 중입니다. 워낙 4차 산업혁명에 관심이 많아 4차 산업혁명 관련 특허를 출원하고, 관련 도서를 활용하여 교내에서 꾸준히 토론 및 토의의 장을 열지만, 그것만으로는 학생들에게 '4차 산업혁명'을 알리기 역부족입니다. 따라서, 고등학교 교육과정에 4차 산업혁명을 정식으로 다룰 수 있는 체계가 마련되었으면 좋겠습니다. 학생들이 보다 더 넓은 꿈을 꿀 수 있도록 도와주십시오."
35,219 4차 산업혁명에서 신조어는 대한민국의 실정에 맞게 융복합의 빠름이다. 다소 신속성에 민감하게 해야하는데 다소 늦는다고 생각함.
36,218 현황을 정확히 인식하고 전문가 의견을 신속하고 적극적으로 수렴하여 빠른 대응을 해야 합니다
37,217 6차산업에 관심과 정책이나 지원을 마련하는 등 새로운 산업혁명을 주시하고 준비하는 것으로 보인다. 하지만 그것이 얼마나 실효성을 거둘지는 아직 의문이다.
38,216 실제적으로 현장의 피부에 와닿는 정책이 없습니다. 혁명위원회 구성 인력 현황도 그리 기대를 하고 있지는 않습니다
39,"215 4차산업에 대한 국민적 역량을 모으기 위해서 4차 산업에 대한 정확한 이해와 기대, 가치 및 효과를 국민들의 이해를 시킬 필요가 있다"
40,214 현 정부는 대통령의을 비롯한 측근들의 획기적 사고 전환이 없으면 패망의 길로 치달을 것이다.
41,213 4차 산업혁명에 대한 정확한 개념 홍보 필요
42,"212 언제나 총선이나 지방선거를 의식한 보여주기식 정책은 여전하다고 봅니다. 정부도 기업도 개인도 진정성으로 무장해야 할것이라 생각합니다. 정부도, 기업도, 기관도, 개인도 정량적인 평가만으로 저울질하는 관습은 사라져야 할것이라 생각합니다. 그리고 단어의 의미를 사전적 의미가 아닌 정책방향에 따른 진정한 의미를 정의하고 이를 알려 전국민이 정확하게 정부가 가고자 하는 방향이나 의도를 파악하고 한 방향을 바라볼수있도록 했으면 합니다"
43,"211 현 정부에서는 4차산업에 대한 정확한 뜻도 모른체, 그냥 날뛰고 있다는 느낌입니다. 그리고 말만 4차산업이지, 포장만 열심히 한다는 느낌입니다."
44,210 국정 최우선 과제로 정하여 대응 추진
45,"209 4차산업의 필요성은 알지만, 구체적으로 이미 우리가 사용하고 있는 실생활과 관련된 4차산업영역이 무엇인지조차 잘 인식하고 있지 못하는 것 같다. 4차산업이 3차산업(정보화)의 연장선상인지, 정말로 새로운 네번째 산업혁명이라 할 만한 획기적인 무엇이 존재하는지, 또 일각에서 언급하고 주장하는 '6차산업'이라 불리는 것과는 어떤 연계선상에 있는 것인지도 애매하기 때문이다. 융복합 산유물인 4차산업을 제대로 이해하고 추진하였으면 좀더 효과적일 것이라고 생각한다."
46,"208 막대한 돈을 들여서 외부 초청 인사들 강연회 세미나는 좋은데 실제 적용할 만한 것들에 대한 연구가 필요하고 2.아직 국내 전문가들이 많지 않는 상황에서 중국, 독일,미국 등 실제 사업을 하는 분들이 필요하고 "
47,206 정부 주도보다는 민관학의 삼위일체로서 운영되어야 함 
48,"205 현정부의 노력이 겉으로 드러나는 모습이 적어 정확하게 평가는 할 수 없지만, 나름, 4차 산업혁명에 대한 노력은 하고 있는 것으로 보입니다. 하지만, 구체적인 윤곽이 아직도 보이질 않아 밑그림이 하루라도 빨리 그려져서 적절한 인재가 배치가 되어야 갑작스럽게 다가올 4차 산업혁명에 대한 대응이 이루어질 것이라 생각됩니다."
49,204 선택과 집중이 필요하다 모든 분야에 할수 없다 지역별 특화해야 한다. 기업지원 강화해야
50,203 정부가 적극적으로 
51,"202 정부나 공공부문은 4차산업혁명이라는 제목을 내세워 행사를 하는데 집중하고 있는데, 미리부터 그러한 연구를 진행하던 전문가들의 노력과 의견들이 반영되고 있는지 의문입니다. R&D 선도 그룹, 상용화 선도 그룹, R&D 및 IP 관리기관 등으로 그룹을 나누고 각각 다시 기술별, 제품별, 지원프로그램별 소그룹으로 나누어 국가미래전략을 단계별로 논의하는 것이 좋겠습니다."
52,"201 4차산업혁명은 이끌도록 노력하는 것이다. 대응하는 것이 아니다. 대응하기 위해서는 대상(실체)이 존재할 때 사용하는 것이다. 실체가 뚜렷하지 않은 것에 대응한다는 것은 넌센스다. 앞으로 유/무형의 생산성에 급격히 변화시킬 수 있는 것에 적극 투자하거나, 부족한 기초기술 분야를 개선하여, 4차산업혁명이라 일컬을수 있는 미래를 우리가 이끌도록 체계적인 기반을 준비하는 것 이다. Key-word로 정책을 논하지말자. 기본에 충실하며, 과거 잃어버린 기틀을 재정립하는데 숨을 돌리고, 돌아가는 길이 지름길이다는 것을 인지해야한다. 자칫, 서두르다 힘들게 얻은 기회를 돌이킬수 없게될수있다."
53,200 대체에너지 무한동력은 가능하다고 생각하는데 관심이 없어 실망 
54,199 자사도 현재 4차산업에 적응하고있으며 기술개발도 하고 있고 제품도 마무리단계에 있으며 국가의 지원이 요구되는상황입니다. 일자리창출에 적극적으로 힘써 운영함으로써 차세대 인력 개발에도 연구노력으로 힘쓸 생각입니다.
55,"197 4차산업혁명은 1.산업 2.교육 산업의 중심 개발 교육의 중심 초.중.고.대 어릴수록 상상력 발휘가 넓다. 단기 중기 단기 나누어 정리해야 된다. 우선 급한것은 세계에서 이끌어 가도록 산업 연구지원, 교육을 통한 융합 인재 육성 장기적 지식재산권을 통한 창업"
56,196 리더십으로 정확하게알고 이끄는세대가되어야
57,"194 우선 정부에서 4차 산업혁명에 대한 정확한 개념과 이에 대한 구체적인 로드맵을 학계 및 산업계에 전달이 필요하다고 봅니다. 그리고 이에 따른 정부의 중소기업 지원방향 및 정책을 펼칠 필요가 있다고 사료되며 중소기업의 여건상 금융, 기술 및 지식, 기타 전폭적인 지원이 필요합니다"
58,193 아직은 조금 미흡하다는 생각이 듭니다. 특히나 4차 산업혁명을 위한 교육계와 산업계의 발빠른 대응이 절실하다고 생각됩니다.
59,192 매체를 통한 4차 산업혁명에 대한 홍보를 진행하고 있으나 예산적인 부분이나 전문가에 의견을 수렴한 구체적인 방안 없이 형식적인 대응을 하고 있는 것 같습니다
60,191 초중등교육부터 바꿔야지 선진국들 흉내만 내다가는 예전과 똑같을것
61,190 중앙정부에서 지방에게 까지 확산이 늦다 3차산업도 못하는 기업에게 4차산업이 적용 될수 있나 
62,189 현정부 임기 내에 소기의 성과를 달성할 목적으로 일을 추진하면 반드시 망한다. 장기적이고 지속적인 투자와 노력이 있어야 차기 혹은 차차기 정부에서 좋은 결과물이 도출될 것이다.
63,188 4차 산업혁명의 본질을 잘 이해해야 하며 기업이 어떻게 하면 잘할수 있나를 지원하면 일자리 창출과 4차 산업혁명이 활성화 될것으로 사료됨
64,187 실체를 제대로 이해하지 못하고 있다고 생각합니다
65,"186 특정 분야에 한정되거나 추상적인 수준의 의견수렴은 위험하다고 생각되며, 현 상황에서는 4차 산업혁명에 대한 추상적인 접근방법 보다는 가장 현실성 있고 적용 가능한 분야 발굴 및 적용이 우선되어야 한다고 생각됩니다. 현재 바로 작용 가능한 분야는 기계학습을 통한 의료, 농업, 제조업 등의 산업분야에서 지능정보서비스 활성화라 생각되는데 인공지능을 여러 측면에서 추상적으로 많이 언급하기는 하나 기초가 되는 데이터의 축적이 가장 시급한 부분이라고 생각됩니다. 현재 우리나라의 경우 축적된 디지털 데이터는 많지 않은 실정이며, 존재하는 데이터 또한 비식별처리가 되어있지 않아 활용이 어려운 실정이며, 따라서 지능정보 양산을 위하여 데이터 확보 정책 수립을 통한 데이터 축적 부분이 가장 시급하다고 보입니다."
66,"185 실질적인 리딩을 위하여 Infra 와 인재 양성을 위한 제도적인 지원 및 정책이 필요한 사항이며, 단기간 가시적인 성과 보다는 장기적인 측면에서 대응책을 마련하는 것이 중요할 것임."
67,184 신속히 조직을 구성하여 추진하므로 국민으로부터 국가의 의지를 옅볼수 있어 기대가 되며 지속적인 관심과 노력으로 국가의 발전에 기여하기를 바람.
68,183 4차 산업에 대한 정확한 인식은 하고 있으나 구체적 실천방안에 대하여는 아직 연구중인걸로 알고 있습니다. 향후 구체적이고 체계적인 정부안이 나올것으로 생각됩니다.
69,182 초 중등 교육기관에서 더 많은 과못을 배정하고 교육해 나가야 한다고 생각합니다.
70,181 대기업 중심이 아닌 중소기업/창업을 통한 다양한 아이디어 지원내용에 대한 고민을 하고 있다고 보여집니다
71,"180 시간이 없어서 간단하게 언급하자면 인공지능, 빅데이터, 사물인터넷 등에 관한 보다 확실한 투자가 이루어져야 되고, 모든 4차산업의 기본 베이스가 되는 것중 하나가 전력공급이라고 볼 수 있다. 경제적인 정력공급 중 하나가 원자력발전이라고 볼 수 있는데 정부는 탈원전정책을 고수하고있는데 이것은 중대한 정책실수를 범하고있는 것이다. 앞으로의 원자력발전 정책은 계속 지속되어야 할것이다."
72,179 지난정부의 행정 편의주의 보다는 좀더 노력한다고 본다. 전시행정이 않이고 주제에대한 확고한 신념과 효과가 미칠 영양에 대하여 우선순위를 가졌으면 한다. 중요한것은 관료와 공무원들의 의식과 고정관념이 바뀌지 않고는 원님 나팔에 불과하다. 어떠한 태마가 제공되어도 이를 국가적 과제로 볼것인지를 아래쪽 사람들은 별 관심이 없다. 자신들이 편리한 쪽으로 처리하기 때문이다. 차라리 행정실명제를 택하여 우수한 아이템 발굴에 노력하도록 제도를 갖는것이 어떨가요. 저자신 지난정부 이번 모두 신재생에너지 분야에 세계적 기술이라는 기술내용을 얘기 해도 기술이 아무리 뛰어나도 그 보다 더뛰어난 기술이 있어야 정부에서 관심을 갖는다 교육강사의 말처럼
73,178 여.야를 정치를 떠나서 역량있는 인재를 모아서 대응력을 키워야 될때라고 봅니다
74,"177 4차 산업혁명은 결국 생산성 문제로 귀결된다고 생각합니다. 1,2,3차 산업혁명의 경우에도 생산성과 품질의 향상을 높여왔고 향후에도 이와 관련하여 꾸준히 진화할 것으로 보입니다. 이와 관련하여 독일이 제대로 포커스를 두어 진행하고 있습니다. 시장에서는 4차산업혁명이라고 하면서 호들갑만 떠는 듯 한데 명확히 4차 산업혁명을 위한 타겟을 정하여 추진하였으면 합니다. 4차 산업혁명도 결국은 생산성과 품질 향상입니다. 이는 제조이든 서비스산업이든 모든 분야에 해당되는 것으로 생각합니다."
75,176 성과에만 집중된 정책보다 근본적인 정책 추진이 이루어지길 희망항  
76,174 지금은 홍보와 교육 등을 적극적으로 지원하는 것 같지만 보다 현실적으로 와 닿을 수 있는 지원을 해줬으면 좋겠다.
77,173 단독 산업혁명은 없으며 기존과 새파트가 공존경재해야한다
78,172 개인의 숨은 기술과 능력을 적극개발과 활용하기. 
79,171 정부의 노력이 엿보이고 있어서 매우 고무적입니다.아울러 정부가 나서서 국내 대기업들의 수입제품 선호도를 국내 업체에 조금은 양보하고 좋은제품을 인정해주도록 했으면 합니다.
80,"170 1)4차산업혁명을 주도할 인재양성(해외 과학자 유치 포함) 정책 및 지원 전략 제시 및 시행이 시급함. 2)국가 산업전반적인 로드맵 수립 및 제시와 시행, 특히 기존산업과 연계한 인프라 구축과 국가비젼제시 (인프라 구축에는 특히 국가에너지안보 차원에서의 에너지산업 보강 및 재구축) 3)소멸 산업 및 기존 기간산업종사자의 재교육 프로그램 구축 및 시행으로 4차산업역군으로 재배치"
81,169 국가가 적극적 홍보가 필요하다.
82,168 정부에서 4차 산업혁명에 대한 어떤 대응과 노력하는지 알수가 없다. 홍보가 부족한 것으로 보인다. 일반인들은 자주 말을 안해주면 크게 관심을 가지지 않는다.
83,"167 정부의 적극적인 투자와 노력에 의해 이루어진 사례를 국민에게 자주, 많이 보여주어야만 정부의 4차 산업혁명에 대한 의지를 국민이 알 수 있다. "
84,166 이론적으로 접근하기 보다는 알찬 실천을 기대합니다. 
85,"165 지금이 노력하는 것이라면, 조금더 적극적이구 빠르게 실행해야한다고 생각합니다. 다른 나라에 비해 늦었다고 진행해야하는것이 아니라 앞서가기 위해 진행해야합니다."
86,164 4차 산업 인력을 양성할 수 있도록 초중고 및 대학교 교육 정책 제공이 필요.
87,163 적극적인 홍보부족과 현실적이 아닌 것 같다
88,162 소프트웨어선도학교 운영 및 지원
89,"161 현정부의 4차 산업혁명에 대해서는 매우 실망이 큽니다. 중국(알리바바), 미국(테슬러), 일본(소프트뱅크)등 다양한 국가의 메이져 회사들이 앞다투어 산업에 뛰어들고 있지만 현재 대한민국은 이렇다할만한 계획이 없는 것 같습니다. 제가 바라보는 시각에서는 정치권에서 정쟁만하고 않아 있는 것 같습니다. 먹고사는일에는 도무지 관심도 없는 정부가 분명한것 같습니다. 늦은면 미래가 없는 거지요."
90,160 4차 산업에 대한 로드맵이나 정부 차원의 지원 등이 아직 현실화 되고 있지 않는 상황으로 보다 적극적인 지원이 필요하다고 생각됩니다.
91,"159 R&D 를 적극적인 투자로 생각하고 임해주셨으면 합니다. 결과보다는 과정이나, 진행과정에 더 충실한 R&D가 되었으면 합니다. 4차산업을 튼튼하게 이끌기 위해서는 기초과학이 흔들리지 않아야 합니다. 기초산업 육성에 대한 정책을 변하지 말고 가야하겠습니다"
92,"158 산업혁명의 핵심기술인 인공지능,가상공간,빅데이터(공유경제)를 대기업이 아닌 중소기업으로 확대지원했으면 합니다 "
93,"157 말과구호로만 4차혁명을 하고 온갖 규제와 대기업옥죄기 중소기업 임금인상등 실질적으로 도움이 전혀 없는상태에서 일부 서민위한다지만 모든 기업활동을 부정과 부패, 정치인 줄대기만 제외한다면 모든것을 정부가 지원해야 국내기업 살아나고 청년실업 해소됩니다 백번 현정부에대해서 의견보다는 실질적으로 국가를 선도하는 책임자들이 현실직시하고 기업의 애로사항을 청취하고 지원해야 해외공장으로 이전한다느 말이 안나옵니다"
94,"156 4차 산업혁명에 대해 분야별로 TF팀등 전문가위원회를 통해 각 분야의 전문가(학계,산업계,연구기관등)들을 참역시키고 심층적인 의견을 모아 집중력 있게 추진할 수 있는 환경을 조성하고 이에 대한 정부의 지원(정책적, 재정적)을 지속적으로 해나가는 것이 중요할 것임. 정부 부서간의 업무 분화와 상호조절 관리 control 타워 기능이 확실하게 정리되야 하는 것도 매우 중요하다"
95,"155 신속한 대응을 위해 노력하고 있음은 바람직하나, 단지 단기간의 실적위주의 정책으로 해외사례를 여과없이 도입한다거나 국가의 현실성과 동떨어진 방향으로 추진을 하는 것은 지향되어야 하며, 실제적으로 국가산업 발전에 기여하고 고용창출을 하며 선도하는 과제를 추진함이 바람직함"
96,154 산업계 현장의 목소리를 많이 반영해야 한다. 탈원전 등 먼저 파라다임을 설정하고 대응하는 것은 바람직하지 못하다.
97,153 실제 현장의 목소리에 귀를 열어야 합니다. 
98,"152 4차 산업혁명의 핵심은 기술인데, 사회적으로 아직도 법조계나 의료계 및 예술계 쪽의 인사들이 대우받고, 기술계 쪽의 인사들은 상대적으로 그 만큼의 대우를 못 받으므로 해서, 어릴 때부터 교육적으로 기술쪽으로는 미래를 꿈꾸는 아이들이 점점 없는 듯합니다. 즉 초등학교와 중학교 및 대학교 등의 기초교육에서부터 4차 혁명에 대비하는 인재의 양성이 필요하므로 교육 방침이 독일과 같이 획기적으로 바뀌어야 할 것입니다. 그래야 대한민국의 미래가 있을 것이라고 사료됩니다. 또한 지식재산분야의 특허청의 심사방식도 거절시키기 위한 심사가 아니라, 기술적으로 보완하여 보다 향상된 기술을 도출시킬 수 있도록 공지기술로 인해서 안된다가 아니라, 공기지술이 있으므로 이런이런 방향으로 기술이 보완되어야 된다는 식이 되어야 하며, 그로 인하여 출원건이 거절되더라도 발명자로부터 향상된 기술을 더 발전시켜서 재차 특허출원이 유도되도록 하여 대한민국의 기술반전을 향상시키도록 하는 특허의 목적이 더 부합되는 것이라 사료됩니다."
99,151 수시로 전문가들의 조언을 들어야 한다
100,"150 1) 관련 산업분석과 제도마련 2) 관련 산업분야 선도 전문가 양성 3) 각 분야별 융합기술개발 및 글로벌 표준 선도기술 지정, 지원 "
101,149 정부가 4차산업 혁명이 반드시 올것이라 판단한다면... 4차산업의 가장 중요한 토대가 될 빅데이타의 생성/수집/활용에 대한 다양한 제도적/법적 규제의 해소가 우선적으로 선행되어야 할 듯 합니다... 나머지 기술적/사업적인 문제는 사업자들이 알아서 할 일
102,"148 과거 관 주도의 산업혁명의 막차를 잘 타서 현재에 이르고 있지만, 민 주도의 ""4차산업혁명""기에는 민.관의 융합이 필요하리라 봅니다. 또한 지성과 감성이 잘 어우러져야 성공하겠습니다."
103,"147 4차 산업혁명이라는 용어를 상징적으로만 사용 되고 있음. 4차 산업혁명의 핵심은 업역의 파괴 및 속도가 핵심임. 따라서 정부는 어떤 정책을 세우고 입안하여 정부차원의 지원을 하겠다는 생각에 스스로 산학연이 수익을 창출될 수 있도록 하는 정책 전환이 필요함. 존비처럼 4차산업의 정부지원책으로 산학연이 살 수 있게하는 정책은 결국 4차산업에서 국가 경쟁력만 저해하는 결과만 도출할 것임. 따라서 4차 산업에서 산학연이 협력해서 자생할 수 있는 구조로 우리나라만의 특이성을 반영한 생태계가 구축될 수 있도록 하는 것이 급선무임. 첫째로 대기업, 중견중소기업들의 사내밴처 창업에 대해 집중 육성이 필요함. 공정거래 위반의 소지가 있어서 사내밴처를 막는다면 이는 한국식 밴처 문화로 성공 시킬 수 있는 좋은 비지니스모델을 버리는 것과 같음. 사내밴처를 활성화 해서 창업과 실업률의 두마토끼를 잡을 수 있음. 사내밴처는 밴처생태계를 단시간에 효과적으로 만들것임."
104,146 - 전세계적 화두인 4차 혁명에 대한 정부의 좀 더 적극적인 대응이 요구됨 - 특히 산업을 선도할 AI 등에 대한 적극적 사업발굴 및 기초연구 지원과 규제 개혁 등 
105,145 4차 산업혁명의 수혜자를 직접 참여시켜서 수혜자 중심의 혁신이 이루어 지기를 바랍니다. 
106,144 4차 산업혁명 자체에 대한 명확한 개념 정의와 방향 설정이 이루어지지 않고 있다. 말은 무성하나 구체적으로 우리의 생활이나 사업환경에 어떤 변화가 올 것인지에 대한 설명이 빈약하다.
107,143 4차 산업의 본질을 정확하게 파악하는 것이 중요하다.
108,142 4차 혁명을 강조하기 있지만 너무 범위가 넓게 이야기 합니다. 1~2가지에만 집중해서 이야기했으면 합니다
109,"141 현재 우리나라의 4차산업혁명의 현주소는 갈길이 아주 멀다고 느껴집니다. 선진국에 비하여 다소 늦은감은 잊지만 현정부에서 직시하고 있는 상황을 파악하고, 전문가들의 적극적인 의견수렴과정 등 국제사회에 뒤지지 않도록 발빠른 대응과 현실을 직시한 적극적인 노력이 필요하다고 생각됩니다"
110,"140 제4차 산업혁명의 주체는 대덕연구단지 연구자들이다. 현 정부의 대덕연구단지 과학자에 대한 인식이 바닥인데 정부가 무슨 정책에 대한 의식이 있다고 판단하겠는가? 특히 성과제도는 상위 몇 %만에 대한 것이다. 그에 조력하는 부분들에 대해 놓치는 부분이 많다. 아나로그 시계하나를 예로들면 어느 부품하나라도 고장나면 안 돌아간다. 더불어 사는 세상, 협력과 상생을 위해 모두가 함께 행복하게 사는 세상을 놓치지 말아야 할 것이다."
111,"139 좌,우 편향 관계없는 분야별 최고 전문가 발굴 능력부재. 필요하다면 외국인 기용도 고려해야"
112,138 4차산업 혁명은 지속적이고 현실가능한 분야 선택과 아이디어 창출 을 이끌어내야된다 
113,137 더 열어라. 활짝 열어라. 
114,136 4차 산업과 관련한 주력 미래 기술에 대한 정보를 얻기 위해 노력하고 있고 한국에 맞는 기술을 육성하기 위한 방안을 찾기 위해 노력하고 있다.
115,"135 다보스포럼부터 4차 산업혁명에 대한 이야기가 언급되었는데...지나치게 요란만 떠는 건 아닌지요? 일부 산업 분야에 4차 산업혁명의 흐름이 감지되지만 전 산업으로까지 확대해서 바라보는 건 지나칠 수도 있다는 생각이 듭니다. 대응역량은 콘트롤타워에서는 잘 준비하고 있는 것 같지만, 세부적으로 아직 준비가 덜 된 것 같습니다."
116,134 인공지능 클라우드 관련 규제나 정부부처의 고시로 인해 4차산업혁명 관련 사업진행에 어려움이 있습니다. 관련 규제 개혁에 대한 정부의 노력이 더 필요해보입니다.
117,"133 4차산업 혁명은 ICT나 경제 분야 전문가들도 아직 명확하게 성격을 규정하지 못할 정도로 미래 전망이 어렵지만, 최근의 딥러닝 발전 및 사물인터넷 확산을 고려하면 10년 이내에 실생활에 영향을 미치는 변화가 있을 것으로 전망하는 전문가들이 많음. 현 정부의 문제점은 4차 산업 분야의 국내외 최고 전문가의 의견은 무시하고 비전문가(예를 들면 순천대 박기영 교수)의 시각을 중요시한다는 점에 있는 것 같으며, 그 결과 박근혜 정부의 창조경제처럼 5년 내내 뚜렷하고 구체적인 지향점이 없는 정책의 양산에 나설 가능성이 높다는 점임. 4차 산업혁명에 필요한 기술 개발은 기업이 주도하는 것이 맞고, 행정부의 역할은 4차 산업혁명의 따른 사회경제적 변화에 따른 각종 법령 정비 예를 틀어 첨단 산업에 대해서는 positive 규제가 아닌 negative 규제를 적용하는 방안 등의 역할을 하는 것이 맞음. "
118,"예를 들어, 최근 정부 정책을 보면, 가상화폐 신규발행을 금지하는 방향으로 나아가는데, 가상화폐의 근간이 되는 블록체인에서 인센티브가 없이는 블록체인이 유지되지 못한다는 점을 고려하면, 가상화폐 신규 발행의 금지는 블록체인 기술 개발의 금지로 이어지며, 그것은 결국 4차 산업혁명의 중요한 싹 중의 하나를 완전히 자르는 결과를 초래하게 됨. 이처럼 비전문가 또는 3류 전문가의 어설픈 자문을 토대로 수립하는 행정부의 정책은 민간 부문의 기술개잘 의지를 꺾고, 자율성을 침해하며, 칼라파고스(Korea+갈라파고스)로 축소되는 걸 가속화시킬 것으로 봄. 과거 김대중, 노무현 정부의 예를 보면, 문재인 정부도 민간의 다양한 경게 활동을 죄악으로 보아 각종 규제를 양산할 것으로 보며, 그러한 것이 4차 산업혁명의 근간을 이루는 여러 기술인 인공지능, 가상/증강 현실, 로보트, 스아트팜, 스마트팩토리, 적층가공 등 다양한 분야의 기술개발을 저해하는 요인으로 작용하 가능성이 높다고 염려됨. "
119,따라서 문재인 행정부가 모든 첨단 기술에 대해서 일정 기간(최소 5년 정도) negative 규제를 적용하는 원칙을 명확히 하지 한 한국의 미래는 점점 더 어두워질 것으로 지극히 염려하고 있음.
120,132 4차 산업혁명의 개념 정리가 우선시 되어야하며 이에 맞는 인력충원 및 지원이 선제되어야함. 
121,131 인공지능 관련 심사규정 보완이 필요 김선영 
122,"130 국외는 매우 활발한 지원을 통해 급성장을 하고 있습니다. 특히 차량 제조업이 없는 이스라엘의 자율주행 관련 스타트업 업체가 많아지고 있으며, 실제로 자율주행 및 ADAS 시장에 중요한 위치를 갖고 있습니다. 우리나라도 중소기업이지만, 개발과 사업의 의지가 있는 업체들에게 적극적인 지원이 필요하다 판단됩니다."
123,"129 대응역량: 현 상황의 흐름, 현황, 동향은 잘 파악하고, 정보를 공유, 수집하고 있는 것 같은데, 그에 반해 대응역량은 많이 부족한 것 같다. 일단 정부 통합차원에서의 강력한 조직? 기구? 통괄기구등이 필요할 것 같고, 각 협회, 분야에서의 대응, 목소리 뿐 아니라 강력한 통합 조직, 추진력있는 구심점이 필요하다고 생각된다. 그리고 더욱 전문가 양성에도 이제부터라도 구체적, 체계적, 집중하는 노력이 필요하다고 생각한다. 노력: 일시적, 현상적, 단발적인 느낌이 들며, 보다 지속적이고 구체적이고, 일관된 노력과 투자, 후학양성, 전문가 집단, 기구를 중심으로 집중된 노력이 필요하며, 산,학, 연의 융합, 협력, 통합적측면의 노력과 결과물, 투자도 필요할 것이라 생각된다."
124,"128 나라와 기업 국민의 성장과 행복의 한 축은 경제적 측면(직장, 기업, 급여ㅡ 물가지수)입니다. 이의 가장 강력한 수단이 4차 산업혁명임은 분명합니다. 우리세대와 더불어 후손들의 행복을 결정짓는 4차 산업 혁명에 정치적인 요소, 좌 우를 떠나 하나되어 나아가야 합니다. 보수라도 4차산업의 일인자면 일을 맡겨야 합니다. 대한민국이 하나되어 나아가야 합니다. 안보와 경제엔 좌우가 없습니다."
125,127 한 나라의 산업기술정책은 꾸준하고 지속적이야 한다고 생각합니다. 따라서 보다 장기적이고 지속적인 대응 전략을 확립하여 주시기 바랍니다.
126,126 1. 일반인들 대상으로 보다 많은 홍보 필요 : 언론 매체 등 2. 한국형 세밀 한 대응전략 필요 3. 정부 및 민간 주도의 연구개발 자금 지원 필요 
127,125 현정부에는 전문가를 홀대하고 코드인사에 치중하고 도취해있어 대응전략이미미하다
128,124 보도자료를 보면 정부는 인식하고 있고 노력을 하고 있는 것으로 보여지나 아직 피부에 와닿지 않고 있어 지속적이고 체계적인 노력이 더 필요해 보입니다. 
129,"123 4차 산업혁명 대응을 위해 노력은 하고 있지만, 대응하기 위한 산업현황 및 실태 조사를 통해 어떻게 대응하는 것이 효과적인지, 효율적 경제적인지? 어느 정도 준비기간이 필요한 지에 대해 파악을 못하고 있는 것 같다. 특히 업종별 중소기업들의 실태 조사가 필요하며, 기반이 되어있는 기업군과 그렇지 못한 기업군을 나누어서 단계적으로 대응할 수 있는 전략이 필요하다."
130,122 지능정보사회 중장기 종합대책 수립을 중심으로 다양한 형태의 노력을 진행하고 있다고 생각함
131,120 4차 산업에 관한 역량을 강화할 필요가 있으며 관계자 분들에게 교육과 홍보가 지속되어야 할 것으로 생각됨
132,"119 1. 연구인력의 대거 확본 전폭적인 지원, 과감한 투자 2. 대기업 및 중견업체 유인책 수립, 과감한 지원 "
133,118 기본 마인드부터가 잘못되어있다.
134,"117 이미 인지하고 대응을 하였어야 함에도 안이한 정책과 정치적 사회반영에 뒤처지고 있다. 중국에 따랍잡혀 뒤처지려 하며, 인도 등에게도 따라 잡히려 한다. 지금에라도 적극적으로 발돋음 해야 할 "
135,116 4차 산업혁명으로 인해 일자리 감소를 걱정하는 목소리가 있습니다. 현 정부의 일자리 증대 노력과 연계하여 많은 시민들에게 좀 더 알기쉬운 홍보 부탁 드립니다.
136,"115 독일의 4차산업혁명을 2005년부터 7년간의 중소기업위주의 실패한 경험과 그리고 그 이후의 새로운 정책에 따라 전세계에서 가장 선두의 국가로 나아가고 있는 정책을 우리는 너무 아니하게 보고 있습니다. 또한 중국도 독일의 사례를 벤치마킹하여 우리 보다도 5년이상 앞서 간 국가로 되어 버렸고, 더 이상 중국의 상대국가가 아니라고 일언지하에 이야기하는 국가로 한국은 추락했습니다. 즉 이제는 한국이 제4차산업혁명에서는 중국을 앞설 수 없고 쫓아갈 수 없는 후진국으로 가고 있는 현실입니다. 즉 우리의 현실은 그 반대로 가고 있는 현상황에서 대응방안이 나와도 의미가 없다고 봅니다. 독일의 7년간의 실패 경험과 중국의 정책을 냉철하게 분석한 후 대응방안을 찾았으면 합니다. "
137,114 정부는 기업의 강력한 뒷받침이 되어야지 정부 입맛(결과 중심)에 맞게 지원해서는 안된다.
138,113 상설 의견 창구 마련 
139,"112 사회 전반적으로 4차 산업 혁명이 화제거리나 가십거리가 되고는 있지만, 실질적인 부가가치 활동이나 이를 위한 구체적인 추진과정은 보이지 않음."
140,"110 울화통이 터집니다. 문재인 대통령은 기업이나 기술을 전혀 모릅니다. 오로지 적폐청산, 한풀이에 집중하고 있습니다. 국가 우선순위가 무엇인지, 정말 한심합니다. 실제적으로 현장에 나가보면 확연히 드러납니다. 공무원들은 복지부동, 무사안일입니다. 국민들은 오로지 부동산 투자에만 열을 올리고 있고, 젊은이들은 공무원시험에 집중하고 있습니다. 무슨 4차 산업혁명, 대한민국의 미래가 암담합니다. "
141,"108 관 주도로 진행되고 있으며, 장점도 있는것은 확실하지만 국외 성과는 거의 민간업체에서 나오고 있는 것으로 보입니다. 민간업체의 자율에 맡기면서 지원이 있을 경우 좀 더 성과가 나오지 않을까 생각합니다."
142,107 우리나라가 세계 최고 수준이 될 수 있게 많은 관련 업계에 많은 지원 부탁드립니다.
143,106 정책을 조율할 수 있는 컨트롤 타워를 만들고 중 장기 계획을 세워 과감한 투자와 지원을 해야한다 
144,"104 우선 4차 산업혁명을 하기위해서는 특허청, 특심판원의 김앤장 전관예우부터 없애야 합니다. 법이 우선이 아닌 전관예우로 이루워지는 지금에 특허청,특허심판원 가지고는 4차 산업혁명 못합니다. 제발 특허청장님, 정의로운 특허청으로 거듭나시길 국민에 한사람으로써 기원 합니다. "
145,"103 여러분야 및 일부 분야에 4차혁명산업에 활발히 진행하고 있으나 앞으로의 펼처질 미래 4차산업에 대한 정부,기관,기업,교육등 각자의 역활에 대한 고민 과 파급 기초 인프라구축등 심도있는 계획이 필요 하다고 생각 합니다. 빠른시간에 4차혁명의 문화가 이루어진다는 생각은 저는 아니라생각합니다. 기본 data 구축도 쉽지않다고 판단합니다. "
146,102 학교에서의 4차산업혁명에 대한 특강이나 강연이 필요한 것 같음
147,"101 올해까지는 박전대통령 때의 업무가 계속 되고 있어, 4차 산업에 대한 형식적인, 실질적으로 업체에 도움이 되지 않는 정책만 존재하는 것 같음. 내년에는 4차 산업혁명에 맞춰 4차 산업혁명이 뭔지에 대한 홍보와 기업 체질 개선만이 장기 생존이 가능함을 우선적으로 기업의 눈높이에 맞춰 알려주고, 관련 제도 및 지원을 수행하였으면 좋겠다."
148,100 정부가 무엇을 하고 있는지 모른다.
149,99 자원이 부족한 우리나라에서는 미래의 성장동력에 대해 타 국가보다 앞서나가야 한다고 판단되며 국가차원에서 리더가 되어 잘 진행하고 있다고 판단됨.
150,98 청년창업에 대한 기회가 필요하다.
151,97 전 정부의 미비로 세계적으로 우리나라는 4차산업에 대한 준비가 부족하여 이에 대한 정부의 대책이 중요하다고 봅니다
152,96 여론이나 외형적 보여주기가 아닌 진정한 대응을 부탁드립니다.
153,95 기본적으로 기업이 정부보다 훨씬 더 중요한 역할을 하고있다 
154,"94 4차 산업이란 쉽게 정의하면 산업의 스마트화라고 정의 할 수 있다. 기계, 사물에게도 주인과 통화할 수 있는 핸드펀을 주는 것이다. 그러면 공장이 자동화되므로 고용이 변화된다. 이전 방식의 일자리가 없어지고 새로운 형태의 일자리가 생겨나는 것이다. 문정부는 이러한 노동시장 변화에 능동적으로 대체하고 있지 못한 것으로 보인다."
155,"93 적폐청산같은 국내정치에 주관심, 경제에 무관심한 듯."
156,92 정부와 기업 학계가 방향을 잡고 노력 하기를 
157,91 긍정적
158,90 양적 성장보다 질적 성장에 기울여야 하는데 그 대처 능력이 아직도 미비하며 고정된 틀에서 벗어나지 못하고 있다.
159,"88 4차 산업이 어느 방향으로 흘러갈지 모르기 때문에, 기술과 관련하여 정부는 법적으로 모든 규제를 풀어야 하며, 정책적으로 이르 장려해야 한다"
160,87 4차 산업혁명에 대한 기본 방향에 대해 산학연의 충분한 협력체계 구축이 부족함
161,86 잘 하고 있다고 생각한다.
162,85 실질적인 전문가의 참여가 부족 
163,"84 일반론적 피력이 좀 허용된다면. 미시적이자 거시적인 투철한 시스템을 구축해나가되 이 프레임이 너무 강고하면 특이(돌출)적 비약의 여지가 봉쇄될 우려 또한 크겠음을 감안하여, 성곽에 문을 다수 갖추는 식의 그런 튼실한 시스템 구축이 절실히 요망된다 하겠습니다."
164,"83 외부 전문가들로 구성된 민간 싱크탱크를 발족하여 이를 적극적으로 활용하여야 한다. 4차 산업혁명이 정부과 기업간의 유기적인 연결이 중요한 만큼, 청와대 산하 그 어떤 비서실을 만들더라도 민간 시장을 정확하게 판별할 수는 없을것이다. 또한 R&D 지원 투자도 민간 주도의 장기적인 가이드라인을 확립하여 이루어져야한다. 기초과학에 대한 투자도 빼먹을 수는 없다"
165,"82 과거 테일러는 시간연구 동작연구를 통하여 산업발전에 큰 영양을 주었고 메이요는 인간관계론을 접목하여 안전제일과 인간의 삶에 대하여 조명하였다. 1차,2차, 3차..... 4차 산업혁명은 페니실린 개발로 평생 한 국가를 먹여 살리드시 매우 중요하고 선구자적인 역할이 필요하지만 현 정부는 정치보복과 보여주기식 선시성정책에 몰두하는 느낌이며 4차산업혁명은 다른 선진국이 주도하고 한국은 그저 벤치마킹하는수준."
166,81 정부는 상당히 노력한다 하지만 가정도 가화만사성 이란 문구가있듯이 정부도 4차산업혁명을 제대로하려면 맘에안들지만 야당들과 협치하고 국민들이 안심하고 편하게 일하도록 느리더라도 중지를모아서 해야한다. 어느 한쪽의이익과편의를도모한다면 소정의결과만 날뿐으로 역량을모으지못해 공염불에그친다. 개인적으로 태양광에너지에대한 혁명적인 아이디어를 특허출원중이지만 연구비 를지원받으려해보지만 엄청난 규제와 걸림돌때문에 자비로 실험제작하는데 어려움이 엄청나다. 4차산업혁명에 보탬이될수있게 연구비를 지원해주면 좋겠습니다.
167,80 기업들이 창의적으로 활동할 수 있는 산업 환경과 고급 인력 기반 노동 시장을 만들어 주는 노력이 필요해 보임.
168,79 지적재산권에 대한 유지비용(등록비용)이 좀 부담이 됩니다.
169,78 산업인프라를 조성하여야한다. 산업인프라를 통하여 산업을 일으키고 그 인프라에 일자리를 창출시켜야 한다. 
170,77 신소하게 체제를 정비하고 차근차근 준비하고 추진했으면 좋겠습니다. 
171,"76 지금까지의 경험을 토대로한 나이드신분들의 아이디어를 평가하여 직접 현장에서 활용이 되도록 , 존중하고 지지하여 주는 것이 , 일자리 창출은 물론 현실적 대안이 될것이다. 60이상 된 사람들은 아예 무시당히고, 정부지원대책도 전혀 생각하고 있지 않고있다. 지원해 봐야 다 떨어뜨리는 현실이 안타깝다. 젊은세대들을 대우한다고 하지만, 결실이 없는 걸, 계속 지원하니. 나라돈과 투입되는 인력이 너무 아깝다고 생각합니다."
172,75 기본적으로 4차산업혁명이라는 말 자체가 틀렸고 개념 정의와 의미 정리가 전혀 안 되어 있다고 생각합니다
173,"74 전문가 양성과 앞으로의 구체적이고 체계적인 지속적으로 일관할 수있는정부차원의 연구원의 양성이 급하고, 이를 위한 중소기업의 양성이 필요하다"
174,73 기본을 알아야 효율적인 정책이 나온다 
175,"72 4차 산업혁명에 대한 범정부적 조직 구성을 통한 사업계획과 지원책, 해당 업종 및 산업에 대한 4차 혁명에 대한 길을 제시하고, 특히 4차 산업 혁명에 대한 대대적 홍보 및 교육이 필요함. 4차산업 혁명을 위한 지원책 제시"
176,"71 정책의 목적과 방향, 그리고 정책 대상과 범위가 불분명하고, 4차 산업혁명에 대한 특성과 예상될 수 있는 속성이 반영되지 못하고 있음"
177,70 글로벌 혁신기술과 기술융합에 의한 사회경제적 전반적 변혁를 가져올 4차 산업혁명시대에 대한민국 누군가 시도해 보는 앎(지식)의 수용과 생성ㅡ자유로운 아이디어(영혼)을 위한 생각하는 시간 만들기 ; 우주산업시대의 4차 산업 융합 아이디어로 혁신적 발상으로 창의적 아이디어 구체화 스케일 업(scale up·키우기) 혁신적 발굴 대응역량 구축하기 ㅡ예) 2017년 9월15일 시행하는 발명교육법과 함께 재능발현(영재성ㅡ 창의적 아이디어 구체화 스케일 업(scale up·키우기) 교육혁명시스템의 재능발현 사다리 희망프로젝트 운영하기 ㅡ예) 2018 학교로 찾아가는 재능발현 키우는 드림톡콘서트 사다리 희망프로젝트 운영 ㅡ재능발현 사다리 희망프로젝트 운영 목적 : 고부가 가치창출로 이동시키는 신산업 분야 창의 융합 인적자원 범용성 및 확장성 플랫홈 구축
178,69 대외적으로 알려진 4차 산업은 이미 다른 이름으로 시행되고 있는 기술들이 퇴반 입니다. 앞으로의 4차 기술들은 정보를 어떠한 방법으로 전달 하는가 보단 그정보를 이용 한 산업의 발전이 이루어 주었으면 합니다.
179,"68 4차산업 관련 추진 위원회 설립 등 다양한 노력을 진행하고 있으며, 대통령의 4차산업에 대한 지속적 언급 자체가 4차산업에 대한 국민적 관심을 유발하는 매개제가 되고 있음. "
180,67 진정한 리더가없어요 국내 전세계를 한손에 볼수있는 혜안있는사람이 없으니 매일 미국이나 외국회사에 뒤처 집니다 .흉내내기의 리더자가 많으니 진정한 산업혁명자가 없지요 서울대나 명문대나왔다고 진정한 리더자라 고는 절대로볼수없지요 한손바닥에 국내와세계를아우르는 리더자가 이시대를 이끄는 4차산업혁명자입니다 그이상 몇수를 볼수있는 7차 10차 산업혁명을 보고 준비할수
181,66 정부는 기술적인 기반과 하드웨어 소프트웨어적으로 적극적인 준비와 지원과 대책이 필요하며... 사회문화 관련 종사자와 기관들은 4차 산업에 대한 수용문제와 부작용을 예측하여 윤리적 철학적인 준비를 해서 4차산업으로 인한 폐해를 최소화해야 할 것이다.. 그리고 각급 교육기관은 청소년시기 부터 4차산업을 잘 누릴 수 있는 기술적 방법교육과 비윤리적인 면을 경계하고 피할 수 있는 역량을 기르도록 교육할 정책을 수립해야 한다
182,65 노력은 하고 있으나 좀더 국민들에게 파고드는 구체적인 방안이 부족하다는 느낌이다
183,"64 1.홍보가 부족하고 구체적이지 않아서 일반적으로 4차 산업혁명을 느끼지 못하고 있다. 현실적 사례를 많이 발굴하고 홍보하여야한다. 2. 교육에 제일 먼저 적용되는지 검토해야한다. 교육에서 4차산업을 잘 이끌어줄 수장이 필요한데 지금은 이념적 느낌이 강한 지도자들로 절대평가 하느냐 마느냐로 따지고 있는 교육계가 장래가 걱정스럽다. 3. 4차 산업혁명에서 중요한 인공지능 컴퓨터 ,3디 프린터 , 로봇, 빅데이터, 등을 학생이나 일반인이 쉽게 접근해 볼 스 있는 센터설립과 소규모 이지만 주변에서 쉽게 센터로 연결해 줄 심부름 센터룰 구성해야한다. 4. 마지막으로 이런 사용을"
184,63 4차 산업혁명 대응한다고 많은 일들을 준비하고 있지만 거의 대부분 결국 외향에만 치우친 내용들이 많다는 문제의식이 있음. 기초학문과 원천기술에 대한 투자가 좀 더 강화되어야 한다고 판단됨. 그리고 기술 유행에 너무 휘둘리지 않고 장기적인 안목을 갖고 장기투자하는 자세가 필요하다고 봄.
185,"62 4차산업 혁명이 거창하게 홍보만 하는것도 주요하지만 깊이있고 실질적, 현실에 맞는대응과 지식전문가의 생태게를 개방된 자세로 열린 행정과 학게의 지식인들과 사업체의 전문 문야의 중소기업 ceo들과 좀 더가까이 소통하는 자세로 4차혁명이 시대를 획기적으로 만들어 가야할것입니다.  "
186,61 면피성이 아닌 생존입니다. 4차산업에만 집중하다보면 이후 상황에 대한 대책이 없을 수 있습니다. 이후 5차산업혁명에도 집중해야 합니다.
187,60 탁상공론이 아닌 필드의 목소리를 경청하고 필드의 노하우가 충만한 인적 자원의 활용이 절실히 요구됩니다.
188,59 4차 산업혁명 자체의 개념이 모호한데 모래성에 성을 쌓을들 무슨 의미가 있겠습니
189,58 아직 미흡한 상태며 전문가들의 조언을 통한 미래를 대비하는 교육 역량 사업에 관심을 가져야 한다. 
190,"57 인공지능과 가상현실등, 사물인터넷등 여런 플랫폼이 나오고 있지만 그에 맞춰 정부의 지원이 미흡하다. 관련 기술을 다루는 스타트업이 생겨나도, 그 아이디어를 대기업이 다 가져가는 형편, 이런 부분을 보호해줘야 다양한 창업 아이템이 생길 것이다"
191,56 말의 잔치일뿐 실적은 전무하다. 모두 앵무새처럼 4차산업 노래를 합창하고 있지말고 실적을 보여 주세요. 국민들의 삶 소득과 관련없고 오직 대기업으로 가고 있습니다.
192,54 4차산업에 대한 대응기구가 구체적으로 각 분야별 부처별로 만들어져 있는지 
193,52 일단 4차 산업혁명에 대해 국민들의 인식을 위한 교육과 홍보가 필요하다. 그렇지 않고서는 구호만으로 그치는 일이 되고 정부의 노력이 제대로 평가 받지 못하게 된다.
194,"51 적폐청산과 같은 과거에 매달리는 일을 하지말고 미래를 준비하는 일을해야한다. 특히 4차산업혁명시대에는 인공지능이 인간을 지배하는시대가 될것인데, 이에대한 준비가 전혀 없다"
195,"50 한국교육기술대학교 능력개발교육원, 한국폴리텍대 등의 교육기관을 활용하여 4차산업관련 인공지능, 드론 제어 등의 강좌를 개설하여 직업교육 관련 특성화고, 한국폴리텍대 교원 등에게 교육하므로써 학교에서 부터 제 4차산업의 중요성을 인식하며, 4차산업혁명에 대비하고 있다고 생각합니다."
196,160 행정체계의 일원화를 하는것이 업무처리에는 효율적이나 업무부처에 강한 권한이 주어졌을때 얼마만큼 공정하게 일을 처리할지는 의문
197,158 기술 및 행정의 집중화로 과학자 및 기술자의 육성으로 경제 발전을 이루는 
198,157 현재의 국가지식재산위원회만으로는 지식재산 체계를 강화하기 어렵다고 생각함.
199,156 좀더 혁신적인 대응자세가 필요합니다.
200,"155 의견수렴과 조정 및 총괄기능을 하는 중앙기관의 기능을 강화하면서 또한 부처 이기주의, 부처 본위주의를 해소할 수 있도록 해야."
201,154 창의적 아이디어 도출위해 정부의 주도력과 당근이 필요
202,"153 약한 산업을 발전시키는 대한민국의 방법은 국가에서 성장을 독려하고, 산업이 경쟁력을 갖추면 국가의 권한을 줄여나가는 방법을 사용해왔음. 현재는 영국사례를 적용해보고, 장기적으로 일본형으로 전환하는것이 좋을것 같음"
203,152 특허청을 부로 승격해야함
204,151 특허권의 보호와 국제특허의 활성화에 정부의 지원이 필요하다. 개인 발명의 경우에 실현 가능한 특허의 경우 프로토 타입까지는 지원이 필요하다
205,150 정부조직법 또한 구태를 벗어나 혁신이 요구된다는 점을 간과해서는 않된다.
206,149 지식재산부와 같이 전체적인 업무를 총괄하고 관리하고 역량을 집중 할 수 있는 부처를 신설하여 권한과 지원을 아끼지 말아야 합니다 
207,148 국내 지식재산의 운용과정에서 협의과정이 부족하다 부처간의 관리방안도 다르고 지원되는 과정에서 기업들의 입장차이가 조율되지 못하고 있다. 국내지식재산을 활용하는 부분에서 기업과 수요처간의 협력사항에 대한 안전장치가 없어서 기업들의 수익확보가 어렵고 이에 따라 비용부담에 증가로 기업들의 사업화가 지연되는 악순환이 반복되고 있다. 기존의 지식재산을 효율적으로 이용할 수 있는 협력을 위한 행정체계가 필요한 이유이다. 대표적인 것이 기존의 지식재산을 제3자가 활용할 수 있는 기회를 마련하는 것이 행정체계에 가장 요구되는 것이다. 즉 기존의 지식재산권을 확보한 측과 신규 수요가 되는 곳이 협력할 수 있는 기준이 필요하다. 대표적인 것이 출연연구기관에서 기업이전을 하려는 특허기술의 실용도가 떨어진다. 즉 수익을 낼만한 지적재산권에 대해서는 산업계와 협력이 떨어지고 있다. 행정체계상 지적재산에 대한 활용도를 높이는 조직이 필요한 이유이다.
208,147 현재의 지식재산의 발전과 보호는 지속 되어야하고 다만 지식재산 컨트롤 타워 형식의 총괄이 지휘하여야 하며 강한 권한을 부여하여야 한다.
209,146 특허청 권한조정 등 확대 필요
210,"145 지식재산위원회도 역시 사람이 하는 일입니다. 구성인원을 보면, 민간 쪽 인원이 너무 학계(교수)에 치중되어 있고, 변리업계나 산업계의 경우에 인원도 적을 뿐 아니라 구성이 적절하지 않습니다. 적절한 비율로 구성하기 위해서 일단 학계는 대폭 줄이고, 산업계를 대폭 충원하는 한편, 산업계도 산업계의 실무에 정통한 사람들을 보강하여야 합니다. 그러기 위해서 기업의 지식재산업무를 하는 사람들과, 발명자인 엔지니어들의 비율을 대폭 늘릴 것을 요청합니다"
211,143 대한민국은 현재도 다른 나라에 비하여 빠르게 발전하고 있음 더 빨리 발전하는 것은 혼란을 유도 해외수준 및 현재를 보면서 발전하길 바람 
212,142 통합적이고 구체적인 노력이 필요합니다.
213,"141 4차 산업혁명시대에는 신속하고 대응력이 빨라야 살아남는다, 하여 일관된 행정체계구축이 필요함 "
214,140 특허청이 권한을 가지되 수행할 책임과 의무도 엄주앟게 묻고 이를 제어할 수 있는 조치를 취하는 것이 좋을듯하다. 
215,139 현정부의 편파적 편향적인 인사 정책을 획기적으로 전환하기전엔 아무런 기대도 희망도 없다.
216,138 지식재산에 대한 총괄 콘트롤 타워가 되어서 정책입안이나 방향수립 등에도 적극 개입하고 선도하는 기관이 되어야 할것으로 봅니다 
217,136 업무를 지속적으로 관장해온 전문가를 활용하는 것이 바람직하다고 생각한다. 낙하산 또는 정치적인 입김으로 비 전문가가 맡게 되는 우를 범하게 되지 않기를 바란다. 
218,"135 정치적으로 이용하지 말것을 당부하고, 국회의원 제발 식견이 없는 분들 분과위에 내세우지 않도록 협조 요청하고 각계 계층의 전문가들 진입 장벽이 너무 높아서 이를 과감하게 열어놔야 합니다 "
219,134 신속하고 정확한 의사결정 및 적극적이고 능동적인 행정체계가 대한민국에 필요하다
220,133 형식적인 위원회가 안되었으면 함
221,132 1. 특허청 지식재산부로 승격해야 함 2. 장관급으로 격상해야 함 
222,131 적극적으로
223,"130 특허청은 심사, 심판에 전념하고 정책기능을 해당 부처별로 이관하여 성과위주로 관리할 필요가 있습니다. IP가 R&D를 총괄할 수는 없고 R&D를 보조하는 역할을 하는 것이므로, R&D 부처별로 정책기능을 수행하면 더 효율적이겠습니다. "
224,"129 과거 유형의 제품과 서비스의 비중이 높아 산업부, 미래부의 위상이 높았다. 하지만 무형의 자산가치가 높아지는 상황에서, 국가적 차원에서 국내 무형자산을 체계적으로 관리/운영할 필요가 대두된다. 지식재산의 유출과 비체계적인 관리는 미래 4차산업혁명을 이끌 기반을 상실하게될것으로 예측한다. IP 자체가 4차산업이 되는 것은 안니지만, IP없는 4차산업혁명은 존재할수없다. 즉, 과거 정통부를 중심으로 IT발전을 이룩한 경험처럼, 지식재산부를 설립하여,IP를 중심으로 제2의 ICT붐을 일으키길 기대해본다. 글로벌 창업을 빌미로 국내 자산을 해외로 유출하는 우매한 짓을 그만두자. 해외투자자들에게 또는 엑셀러러이터들에게 BM먀 유출하는 것이 현실인 것만 봐도, 국내 자산관리가 시급하다는 것을 반중한다. 실적도 미비한 글로벌 창업과 투자유치,"
225,128 무분별한 행정은간소화하여 믿고 기업이 자생할수 있도록 지원이 절실하다.사업화연계로 진행하때 지속적으로 지원을 하도록 해야 하며 전문성을 가진 위원이 심사가 필요하다.
226,126 전문가만 들락거리면 안된다. 비전문가도 참여할때 도울 수 있도록 해야한다
227,125 자기생각버리고 소통의문화로 고차원적인 지적재산권에대한 확립체계가필요한 시점임니다 
228,123 사업체아닌 일반개인이 변리사 활용시 국고지원 
229,122 정부 각부처에서는 어떤 정부가 들어와도 일관성 있고 장기적인 안목에서 정책을 수립하고 진행하는 것이 국가발전 및 국민을 위하는 것이 타당하다고 봄.
230,"121 지식재산의 제대로 된 전문가는 초빙하고 인사청문회, 국감 등으로 힘들게 하면 안됨"
231,120 지식재산권에 대한 무형적 자산 가치를 인정해주고 적극적인 보호와 합리적인 기술 공유 체계를 지원해주는 행정체계가 되었으면 합니다 
232,118 현행유지의 경우 부처별 관리와 촐리실에서 통괄하는 경우도 바람직하나 한국은 부처이기도 심할뿐아니라 무사안일에 빠져 잠자는 서류가 발생할 수 있다. 이경우 좋은 기술을 발굴하도록 성과급제도를 두어야 한다. 지식재산위원회 강화의 영국처럼 촐리실에서 총괄 하여 관리하고 일자리및 경제성 있는 내용을 발굴하여 사업화 하는것이 좋으나 우리의 현실에서 조금은 어렵다.
233,117 지식재산을 위한 생태계조성에 관심을 갖고 정책을 입안하였으면 합니다. 획일적으로 정책을 밀어부치는 정책은 가능하지도 않고 바람직하지 않습니다. 
234,116 중요성 인식보다 실천이 그 무엇보다 중요한 상황이여서 지식재산권의 중요성 인식의 실천으로 지식재산부 존재는 그 어느때보다 중요하다 사료됨 
235,115 개도국들의 ip 허브로서의 특허청의 위상을 확립해야 함. 공무원으로서의 성장만을 바라는 비전문 인력은 타부처로 전출해야 함. 
236,114 지적재산애 탄력은 창의로 이어진다
237,113 커뮤니케이션이 우선이겠죠. 
238,112 꼭 필요한 기업은 회사가 작더라도 개인의 힘으로는 그 재량이 소멸될 확률이 높다.국가에서 키워서 사회기업으로 성장시켜주는게 좋을 듯 합니다. 
239,"111 지식재산 행정의 발전은 궁극적으로 지식재산 소유자(발명자)가 효과적으로 사업이나 발명을 수행하여서 장기적으로 사회에 기여하는 정책을 이루도록 지원하는 시스템의 행정력이라 할것입니다. 각 산업별로 다출원자 또는 남보다 더 유능한 지식 소유자라 평가된 상위 1~5위 범위의 인재에게는 지원제도(출원료, 등록유지료 등의 지원사업을 더 혜택이 되도록 추진하여 주고, 심사도 관련산업에서 동일인의 출원자에게는 계속발전하는 방향으로 더 세분화된 평가하여서, 출원인의 출원분야(산업)에 따라 계속 발전된 아이디어 창출하도록 유도하여 주시기 앙망합니다."
240,110 특허사무를 통하여 유무형 지식재산 의 가치를 가장 잘 인지하고 있는 정부조직 및 조직원이 주도적으로 본 전략 및 프로그램의 개발에 선도적으로 수행하는 것이 바람직해 보임 
241,109 지식재산은 중요한 사안으로 5번과 같은 체계에서 관리 감독 및 현실화 할수있는 개인에께 필요한 부분을 만들어주고 도움을 줄수있는 토대를 마련할수있는 강력한 집행으로 앞서가는 지식재산자 에께 혜택을 주어야한다. 산업의 미래을 제시하면서 추진하는 조직이 필요하다.
242,107 새로운 부서 신설하는 것이 능사가 아니라고 생각한다.
243,106 조화와 빠름 송용성
244,105 지식산업 발전을 위해 중앙정부의 컨트롤 타워를 법적으로 보장할 수 있어야 함
245,104 현실성이 없고 주위만 맴도는형태임
246,103 각 부서의 이해관계에 연연하기 보다 대국적인 의미에서의 협력을 기대 
247,102 각 부처별 데이터는 각부처별 관리가 필요하고 이를 유기적으로 공유하기 위하여 공유와 협조가 될수 있는 시스템이 필요할 것으로 본다. 다만 각 부처별 협조가 원할치 않을 시 중재 역할이 필요하다고 본다.
248,101 전체를 총괄할 수 있는 부처의 신설이 필요할 것으로 생각
249,100 특허청의 역량 및 권한을 더욱 강화시켜야한다. 
250,99 특허도 일부 변리사 기업관련자외에는 잘모르는것이 현실인바 하 찮은것도 자세히 보면 특허감이며 사업화가 수두룩 할진대 특허청에 좀더 대내외적으로 열심히 알리고 도와주어야 할것이다
251,98 지재권 관련해서는 전문기관인 특허청을 중심으로 지식재산권 업무를 총괄 관리 조정하고 그 기능을 강화하여 대외경쟁력을 확보할 수 있도록 하는 것이
252,97 국가적 차원의 지식재산에 대한 확보 및 관리가 요구됨. 개인적 관리는 경쟁기업이나 경쟁국과의 분쟁 발생시 한계가
253,96 총괄 부처가 생성되고 걸맞는 위상을 부여하는 것이 가장 바람직하나 그렇게 될 것 같지 않다.
254,"95 보다 강한 추진력을 갖는 중앙부처를 신설하는 것도 바람직하나, 이러한 지식재산 관련 부처와 산하의 단체들이 보다 체계적이고 상호 협력이 원활하게 이루어지도록 법제화하는 것도 반드시 필요하다고 사료됩니다"
255,94 특허청을 부서로 승격하라
256,"93 4차 산업혁명으로 산업 및 인류생활패턴이 혁명적으로 변화예상 데이타가 자본으로 가치화 되는 것처럼 각종 상업적 거래 단위는 지재권화 예상 따라서, 국가의 산업발전과 국민생활 편의증진, 국가와 개인 안보(보안)강화를 위한 지식재산권 전략 컨트롤타워 체제구축 및 작동방안(법체계마련 및 운영, 지원) 마련이 매우 절실함"
257,"92 부처별 분산된 지식재산의 그 상태의 강화를 시도하고, 지식재산이 부처기능을 능가할 즈음에 통합된 지식재산의 통합을 이루어가는 조직변화가 필요하리라 봅니다. "
258,91 지식재산관련 부처가 신설되어야 함.
259,"90 부처간의 협업과 의사소통 지식재산위원회 단독의 권한을 갖기보다는 과학기술위원를 제어 ,협조하는 위원회간 의견 통합 필요 "
260,"89 지식재산 행정체계의 발전을 위해서 민간의 자생력을 키우는 것이 중요하다. 현재는 정부 주도의 구도에서 각종 진흥원, 전략원 등 중간 기관의 역할이 비대하여 민간의 창의력 등을 제대로 수용하지 못하는 측면이 있다. 따라서 중간 기관의 역할을 최소한의 관리 정도로 한정하여야 한다."
261,88 현재에서 행정체계는 더 개선점은 보이지 않는다.
262,87 현재 부처에서 지식재산 관련 사업을 진행하면 기존 업무와 기존 조직체게에서 제대로 된 일을 진행하기 어렵습니다. 중요하다고 생각된다면 새로운 체계가 필요합니다
263,"86 현재의 지식재산 행정체계의 관리를 지속적이고 합리적으로 발전방향을 모색하고, 컨트롤타워의 중요성을 재인식하게 된 계기가 되었으며, 불필요한 사무행정의 통폐합 등 강력한 추진력이 필요할 때입니다."
264,85 관련업무의 총괄관리체계 일원화가 필요하다고 사료됨 
265,"84 - 전문인재 발굴, 권환과 책임 부여 및 선진기술외 연속적 교육, 평가실시 "
266,83 아직도 심사평가를 할때 사전등록의 검색이 미비하여 부분 심사는 소송을하여 야 하는번거로운 사안이 많다. 
267,"82 현재 저작권, 산업재산권, 지리적표시 등의 지식재산 업무 관할 및 정책 책임부처가 분산되어 있어 일관된 지식재산 제도 수립 및 정책 추진이 어려운 상황으로 생각됨. 국가의 지식재산제도를 총괄하여 4차 산업 현실에 맞는 정책 방향을 제시하고 각 지식재산제도 간 충돌없이 조화를 이루도록 조정하는 강력한 권한을 가진 지식재산 담당 전문 부처가 필요함"
268,81 지식재산의 중요성은 강조하면서 이를 뒤받침하는 주무 부처의 권한과 능력은 부족해 보입니다. 이를 강화하는 것이 필요합니다.
269,"80 지식재산부 가장 바람직하지만 정부조직개편이 현실적으로 매우 어렵다는 점을 고려하면, 이상적인 방안으로 간주할 수 있음. 특허청총괄의 경우 산업부 외청인 특허청이 산업부, 과기부, 문화부 등의 뛰어넘는 총괄 콘트롤타워 역할을 하기 힘을 것으로 보임. 그런 것이 가능하려면 지적재산 전반에 대한 예산조정권을 가지고 있어야 하지만, 현실적으로 실현이 어려울 것으로 보임. 컨트롤타워의 경우 위원회가 총괄 권한을 가지더라도 산업부, 과기부, 문화부 등의 입김이 더 셀 것으로 보임. 지식재산위원회 강화 특허청의 주장이 받아들여진다고 가정했을 때, 현실적으로 개선 가능한 유력 대안으로 생각됨"
270,"79 특허청은 말 그대로 특허를 심사하고 등록하는 행정을 위한 기관입니다. 특허의 내용이 좋던, 좋지 않던 특허가 맞냐? 맞지않냐?에 집중한 것이 사실입니다. 그래서, 관심은 오직 특허가 많냐? 적냐?로 이분화된 통계에 집중한 것이 사실입니다. 앞으로는 특허로 등록 또는 출원된 내용에 대해 국가 경쟁력을 확보하고, 해외에서도 충분한 경쟁력을 확보할 수 있는 기능을 수행하는 별도의 부처나 부서가 존재해야 된다고 생각합니다. 또한 전폭적인 지원이 필수적입니다. 아직까지도 해외특허는 업체의 몫이며, 행정적인 지원만 있으며, 비용은 업체가 부담해야 합니다. 중소기업이나, 스타트업의 업체는 미래에 대한 확신이 없는 상황에서 그러한 비용을 지불할 능력이 없는 경우가 많습니다. 따라서, 이러한 애로사항까지 수렴하여 정책을 추진해 주셨으면 합니다. "
271,"78 보다 통합적인 기구도 필요하며, 상표, 디자인, 저작권 등의 학문적, 현실적, 중복, 중첩되는 분야에 대한 재정비도 시급하다고 생각됨. 보다 실질적인 권한의 강화, 안정적인 구조도 필요함"
272,77 밥그릇다툼은 그만두고 대의를 모아 전체적으로 대한민국의 지식재산의 파워와 가치를 뫂이는 것만 바라보면 답은 보입니다
273,76 분산되어 있는 지식재산 행정 관리를 하나의 부처에서 총괄 관리하여 앞서 있는 선진국과 기술적 우위를 확보할 수 있도록 역량을 집중하는 것이 좋다고 판단됩니다. 
274,75 현정부에서만 시행되고 정부가 바뀌면 정책이 또 바뀌는 조직개편이 아니라 지속적으로 시행될 수 있고 향후 급속하게 발전해가는 환경변화에 신속하고도 지속적으로 변화와 적응을 선도할 수 있는 조직개편에 적극 지지합니다.
275,"74 현재까지 시행하면서 발생한 다양한 문제를 수집하여 원인을 분석하고, 대안 및 개선책을 마련하여 발전방안을 수립하는 것이 필요함"
276,72 지식재산에 대한 역량강화 교육과 홍보 필요성 증가 
277,71 정비 해야한다
278,70 특허청장은 특허를 내는 것에 문제가 생기면 이에 국내외적인 전문성을 확보해서 책임을 지는 자세를 보여야 합니다. 과학기술 정책은 특허청장이 세우는 것이 아니죠. 지적재산권의 권리 보호의 시스템을 위해 일해야 하는 사람입니다. 정부가 기본적인 마인드가 잘못되어있어서 지식재산위원회든 뭐든 만들어봐야 암덩어리에 불과함
279,69 미래를 내다보고 행정체계를 잡아야지 정권이 바뀔때마다 바뀌어서는 아무것도 안된다.
280,68 다양한 의견 수렴  
281,67 지식재산부 출범   
282,"65 먼저 공무원사회가 변해야 하는데, 전혀 변하지 않을 것입니다. 과거의 시각을 가진 사람들이 그 자리에 있는한, 혁신은 개밥에 도토리입니다. 나만 살자는 사회, 돈만 벌자는 사회, 정당한 사람이 무시받는 사회... 이것을 바꾸지 않고는 선진국은 꿈도 못 꿉니다. 정치판을 보십시오. 우리나라의 현실입니다. 대한민국은 한계점에 왔습니다."
283,63 책임 회피하지말고 컨트롤타워를 두고 많은 지원은 하되 책임있게 정직히 수행바랍니다. 
284,61 김앤장 전관예우를 없애야 합니다. 
285,59 대 국민 홍보가 부족하다. 
286,58 지식재산권에 대한 기업체 지원정책
287,57 모든 지식재산에 대한 집중화후 재평가된 결과로 정책을 세워야 된다고 생각한다.
288,56 여론이나 외형적 보여주기가 아닌 진정한 대응을 부탁드립니다. 
289,"55 지식재산위원회에 국가적 차원의 정책기획과 결정, 부처간 조정과 총괄 등 컨트롤 타워의 강한 권한을 부여하되 관계자 (노동계), 각계 전문가들을 보강하여 전문성과 추진력을 높여야 한다"
290,53 좀 더 강력한 체계 및 책임이 주어져야 한다.
291,51 실행부서의 추진체계를 정립하여 수행 동력원을 마련해야 함.
292,50 대통령과 참모진이 하는 일을 잘 지켜보고 지지하면서 호응하는 것이 중요하다. 
293,"49 지식재산 제도에 대한 부정적 견해들도 적잖습니다만, 어차피 시행돼 나갈 거라면 기왕지사 외청 보다는 독립된 ""처"" 정도라도 승격 시켜서 더 능동적 행정을 전개해 나가게 할 필요가 엿보입니다."
294,"48 독창적이고 창의성을 발휘할 수 있도록 관계부처 조직 신설, 개편이 필요하고 특허청 심사관은 각 산업현장의 실무 25년이상 고 경력자 박사급으로 선발해야 합니다."
295,47 지식재산에 대한 재산권을 강화하고 중소기업 및 개인의 소송 접근권에 개한 장벽을 낮춰야 한다.
296,46 서비스를 해주어야한다. 어느개인이 지식재산을 출원하면 국내외시장성을 분석하고 사업화를 하도록 적극지원해야한다. 예를들면 아이디어를 출원하면 행정 법률 사업계획 스타트자금 시장성등도 조사하여 제공하는 서비스를 말한다.
297,44 새로운 정부의 다각적인 방안에서 많은 아이디어와 발전적인 방향으로 진행 될 것으로 기대하고 있습니다.
298,"43 새술은 새부대에 담아야 한다. 지금까지의 과오는 덮고, 개인 발명가들을 찾아내어 그들의 의견을 듣고, 그속에서 새로운 신천지를 찾는 것이 좋을 것이다. 발명은 발명가가 하는 것이고, 기술은 엔지니어가 하는 것이다. 엔지니어가 발명한다고 한것은 진정한 의미의 발명이 아니다. 세계를 움징이는 아이디어는 발명가가 내고, 그것을 보조해 주는 것이 엔지니어가 할일이다. 이러한 체계가 이루어 지도록 정부에서 적극 발명가분들을 배려해 주고 나아가길 바란다."
299,"42 가장 이상적인 대안 : 지식재산처 또는 지식재산부를 신설하여 지식재산에 관한 사무 통합 및 관장, 국가 지식재산 전략방향 수립 및 국정 아젠더화, 지식재산 컨트롤 타워로서 총괄, 조정하는 것이 이상적 대안이지만, 현재 가장 실현가능한 현실적 대안 : (4안)현재의 특허청이 지식재산에 관한 사무 통합 및 관장, 국가 지식재산 전략방향 수립 및 국정 아젠더화, 지식재산 컨트롤 타워로서 총괄,조정하도록 해야한다"
300,"39 권한을 대폭강화하고 그 족건에 충족된다면 원스돕 콘드롤 타워가 되도록 강력한 권한을 부여해 주어야 할것이며, 또한 결과에대한 문책이나 인사상의 불익이 없도록 반드시 역건을 많들어 가도록 주도적으로 정부차원에서 충분한 권한과 명확한 안을 제시해야한다."
301,38 또 다른 권력을.갖겠다는 생각으로.밖에.안보임
302,37 특허청이 지식재산에 관한 사무를 통합하고 국가 전략방향을 수립하여 지식재산의 컨트롤 타워로서 기능을 다하도록
303,36 자격증 중심의 경직된 구조에서 벗어나 유연한 창의력 발휘의 장을 조성하는 정책 당국의 혜안과 노력이 필요할 것임 
304,"34 정부는 지원 위주의 정책을 하되, 지적 재산권 분쟁같은 갈등 상황에선 적극적으로 나설 필요가 있다고 생각한다."
305,33 서로 엇벅자만 노출
306,"31 국가 및 정부 공공기관부터 지식재산권을 인정해주는 문화가 되어 전국으로 확산되었으면 합니다. 그래야 공대출신이 우대 받게 되면, 좋은 인재들이 공대로 몰릴 것 같습니다"
307,"30 지식재산은 전 부처에 관련되는 요소이다. 따라서 지식재산에 관해서는 이를 총괄하는 기구가 반드시 필요하다. 이는 지식재산에 대해 상호 모순되지 않게 체계적이고 일관된 통제와 관리가 필요하기 때문이다. 특히 현재 특허청이 관장하는 산업재산권과 문체부가 관리하는 저작권은 같은 지식재산권이라는 공통점이 있고, 현재 이 두 권리는 점차 그 구분이 모호하게 되어가는 부분이 점차 늘어나고 있다. 따라서 인터넷과 인공지능이 지배하는 4차산업혁명시대에서는 구시대의 권리구분 개념에서 벗어나 이들을 총체적으로 관리하는형태로 가야할 것이다. 이제 지식재산은 우리 생활의 전반을 지배하게 되는만큼 이를 관리하는 정부 기능도 총리산하의 지식재산처 또는 지식재산부에서 관장하는것이 바람직하다"
308,"29 특허청, 한국발명진흥회 등을 총괄하는 지식재산부 또는 대통령 직속의 지식재산위원회를 두어 현재의 특허청의 위상을 보다 격상시키고, 각 부처로 나눠어져있는 저작권 등을 통합 관리하면 좋겠다는 생각이 듭니다."
309,26 관련 부처별로 지식재산 업무를 수행하고 있는 현행 정부부처에 대한 조직개편을 통해 특허청 혹은 신설된 지식재산부가 총괄하는 영국 사례가 바람직하다고 사료됩니다.
310,"25 우리나라 공무원의 습성 상, 분산되면 힘을 발휘하기 어렵습니다. 지식재산처를 신설해서 과학기술정보통신부와 중소기업벤처부와 소통하면서 4차 산업혁명이나 중장기 과학기술 연구분야를 이끌어가야 한다고 봅니다. 소방청(구 소방방재청)이 좋은 예"
311,24 공정 상생 사회 구축으로 스타트업 등 신생 회사가 커 갈 수 있는 재정적 및 인프라 구축적 으로 정부가 뒷받힘 하는 것이 중요하다 특히 재정적은 벤처캐피탈의 육성이 시급
312,23 위원회를 통한 의견 집중이 필요함.
313,"22 대용량, 빅데이터, 수많은 정보 이러한 것들이 쉴틈없이 밀려오는데 과거의 단순한 운영으로는 많은 정보들을 감당할 수 없으므로 4차산업에 걸맞는 업무의 정보력과 분석력을 바탕으로한 스마트한 정책, 행정이 필요하다."
314,21 지식재산을 보호하는 것에 더욱 집중해야 할 것으로 보입니다. 국내보다는 해외에서 말입니다. 보통 개발자들은 지식재산에 들어가는 비용이 부담되서 못하고 경우가 많습니다. 애디슨이 한국사람이고 현 시대에 존재하는 사람이라면 이미 그 기술은 한국에서만 사용할 수 밖에 없었을 겁니다. 개발자는 개발에만 집중할 수 밖에 없고 비용도 한정되기 마련이죠. 특별 부서가 좀 더 심의를 거친다면 지원이 가능하지 않을까 생각됩니다.
315,20 지식재산의 객관성을 높이는 노력 필요 
316,16 전문가로 구성된 팀 형성이 중요.결정권을 줘야함
317,15 직무발명에 대한 정당한 대가 지급 및 독려해야 한다
318,14 특허에 대한 출원인은 수많은 생각을 집중하여 정리하고 비교되는 기존 특허사항에 위배되는 것은 없는지 검토하고 청구항을 통한 특허권 보호를 위해 출원하고있습니다. 특허권이란 단순 문서에서 제시되는 문헌적 권한도 있겠지만 특허권 청구에 대한 내용을 보다 실질적으로 차별되는 기술이라는 판단이 있는경우 출원인의 PT 또는 차별되는 의견을 직접 듣고 기술에 대한 권한부여를 도움주는 곳이 되었으면 합니다. 차별되는 지식재산이 맞는 경우에는 심사관의 성향에 따라 좌지우지 되는 것 보다는 지식재산등록을 통해 해당 출원인의 기업이 경영전반에 미치는 영향과 고용창출까지 바라보는 부분이 있다면 좋겠습니다.
319,13 전문지식의 전문가 집단이 콘트롤타워가되어야 한다
320,12 이는 행정체계가 우선인것이 아니라 관심을 이끄는 무언가가 필요하다. 현재의 체계는어쩌면 세계최고의 시스템이 아닌가 한다. follow 스타일을 이젠 아닌가 합니다
321,11 대통령 직속 기구로서 특허의 중요성 및 지식 재산권의 활성화와 권리를 부동 산 투자보다 낫다는 것을 인식 시켜줘야한다
322,10 특허청의 위상과 권한 강화 필요.
323,9 옥상옥 만들지 말고 모두 모여 머리 맞대고 브레인스토밍하여 3번이나 4번안에서 절충하여 좋은 안을 만들어 봅시다. 
324,8 특허청 심사관들과 공무원들은 국가적 과제에 책임감과 열정/영혼이 없는 좀비들이라고 할 수 있습니다. 지식재산위원회에서 모든 업무를 총괄하고 관련 업무에 대한 총괄적 권한과 책임을 주는 것이 맞습니다.
325,7 지식재산부를 관리감독 강화하는 방안 마련
326,4 정부의 일반행정체계화 하고 접근성을 활용해야할것으로 사료 됩니다
327,3 많은 예산 및 인력이 투입 되어야 한다. 
328,"2 지식재산부 신설 및 특허청과 유기적 연계, 지식재산 컨트롤 타워역할하면서 각각의 부처 내에도 지식재산부 산하 부처를 모든 부처에 연계하여 4차산업혁명의 빠른 확산을 위한 조치를 하지 않으면, 우리나라는 망합니다. 제 생각이 정답은 아니지만, 손놓고 두고 본다면 언젠간 우리나라 후회할겁니다. 윤종원 2017/10/19 "
329,1 인재 기용 시 개인의 사익을 바라는 자보다는 공익을 우선시 하는 인재 등용
330,203 지식재산 분야의 전문가가 참여하여 현실에 맞는 정책의 수립과 추진이 필요하다고 
331,202 관련부처를 하나로 통합. 일관적인 정책이 필요하고 전문가를 부서에 배치. 기업과도 유기적인 연계가 
332,"200 현 정부의 등장 시기가 짧아 현실에서의 기술력 활성은 전적으로 이전의 정부가 진행하던 것을 그대로 이어 받아 진행하는 것 밖에 안되고 있으며 의지는 발전을 이야기 하지만 실천을 뒷받침하는 기술자의 지식이 교과서에 국한되어 발전의 진행이 어렵고 발전을 이루어야 한다는 인식만 가지고 4차 산업혁명을 말하고 있다. 현 정부가 지식재산에 대하여 진짜 관심이 있다면 지식을 가지고 있는 사람을 꾸준히 발굴하고 육성해야하며 이에 따른 자금과 교육, 기술을 뒷받침해 주어야 "
333,"199 지식재산은 곧 4차 산업혁명의 기반이 되는 것이므로, 4차 산업혁명의 기틀과 토대마련을 위한 정책을 비중있게 마련해야 합니다 "
334,"198 지식재산에 대한 산업상이용가능성을 높이기 위해서는 적극적으로 기업, 공공출연연, 대학 등의 사업비 지원이 더욱 확대되어져야 "
335,197 특허에 대한 평가를 좀 해주엇으면 . 특허는 상호연관되는 요소가 많기 때문에 옳다 그르다는 평가를 100% 하기힘든데 특허분쟁시 비율로서 승자와 패자를 가지는 판결이 필요하다고 사료됨 특허에 대한 담보평가를 하면서 왜 대출은 (보증서) 안해주는지 말만 특허지원이라고 하면서 신용평가에서 채권을 확보할정도만 대출을 해주는경우가 
336,195 지식재산 컨트롤타워를 강화하고 Bottom up 기능을 강화해야 
337,194 현 정부의 지식재산 관심에 비례하여 산학의 뒷받침이 
338,193 현 정부의 지식재산에 대한 관심과 대응역량이 비교적 선제적으로 대응하려고 노력하는 
339,"192 지식재산에 대한 인식은 위에서 고치기보다는 국민의 장기적 인식을 전환하는 노력과 캠페인이 필요함. 그리고 그런 무형의 저작권, 재산에 대한 가치평가를 제대로 하고 그것을 이용하는 사람의 인식도 "
340,191 지식재산권 확립이 미래의 먹거리임을 인지해야한다 
341,190 개인 발명가의 경우에 국제특허의 비용문제로 글로벌 진출에 문제가 있다 . 국내단계에서 심사해서 국제 특허가 필요하다고 판단 되면 지원 
342,189 전문가의 발굴과 상호 긴밀한 협조가 지나친 간섭과 결과도출에만 집중하지 않았으면 
343,188 지식재산에 대한 정책이 너무 미약하고 국민들을 대상으로 적극적인 홍보가 필요하며 지식재산이 미래의 먹거리라는 것의 정책이 
344,187 지식재산권 확보에 필요한 지원금을 잘 받아서 효율적으로 사용했습니다. 등록 유지와 관련된 지원금이 있다면 정보를 받아서 활용하고 
345,"186 지식재산의 관심과 대응에 대한 의지와 인식은 있으나, 새로운 인력과 전문 인력의 보강으로 좀 더 실질적이고 현실적인 접근이 필요하다고 생각합니다 "
346,185 지식재산에 대한 이해도가 상당부분 편중되어 있다. 특허기술에만 집중하면서 산업계의 기반기술에 대한 이해도가 떨어진다. 특히 산업계 공장자동화 기술과 같은 경우는 특허기술로 제한되었을때 연관산업들의 확장성이 떨어진다. 공통된 기술에 대한 특허기술과 같은 지식재산의 규제가 대기업중심으로 구성되어 있다. 중소기업의 기술보호를 위한 특허기술의 확보과정이 어려운 부분이 많다. 대기업이 활용하지 않는 특허기술로 묶어놓고 중소기업의 활성화를 방해하는 경우가 많다는
347,184 정부에서 지식재산을 이해하는 속도와 지식재산을 통한 산업은 2배 이상 빠르게 변화하고 있으며 지식재산의 보호는 현 정부의 정책으로는 보호 받을수가 없는것이 현실이다. 지식재산을 이해하기 위해서는 책이난 글이 아닌 현장에 겸헝이 있는 전문가들의 의견 및 자문을 적극적으로 받아 들여야만 한다
348,183 홍보가 필요하고 내용이 알려져야 효율적으로 활용할수 있는 방안이 나올것으로 판단됨
349,"182 - 지식재산이 일부 대기업 중심의 특허 보호, 중국 진출의 상표권의 문제가 아닌 무형 자산으로서 기업의 성장 및 성과 창출에 대한 인식전환 및 기업에 대한 지원 필요"
350,181 글로벌 시대에 발맞추어 지식재산권이 대응 미흡한것
351,180 현 정부가 출범한지도 반년이 되어갑니다. 대선에서 정당 대표가 4차산업에 대해 공약으로 논의가 된 만큼 여야를 불문하고 나라가 부강해지고 국민이 행복해 질수 있도록 인재를 고루 등용하고 한마음으로 협력 협치하였으면
352,179 관심도는 높다고 판단되나 일부 전략적인 회사들의 독점물이 되지
353,178 더욱 의견수렴과 정책이 
354,"177 '산업재산권, 저작권 등 권리별로 정책업무를 부처들이 분산 담당하고 있어 유사기능의 수행기관 중복으로 인한 비효율이 존재한다.' 항목에 대해서는 조금 우려가 됩니다. 현재 '특허'의 경우에는 출원에서 심사까지의 과정이 약 2년이나 소요됩니다. 그런데, 다수의 기관들의 정책 진행 체제 조차 이렇게 느린데, 유시기능의 수행기관을 통합한다면, 업무의 중복 여부는 감소할 수 있을지 모르겠으나 한 기관에서 모든 업무를 처리하다보면 시간이 더욱 지체되지 않을까"
355,176 대학 및 연구기관 등에 많은 관심과 관련 사업이 필요함에 따라 국가적 관심과 대응역량을 강화해야함
356,175 이미 지식재산에 대한 관심은 높았었다고 생각된다. 활용할 수 있느냐 마느냐의 문제 
357,174 별로 기대를 안하고 있습니다
358,173 현 정부는 인재 기용에서 편파적이고 편향적이어서 전문성과 식견의 부족으로 획기적인 편파적. 편향적인 식견의 전환이 없으면 침체로 치달을 수밖에 없다 부족으로
359,172 개인적으로 관심도가 높은 분야이지만 정부 부처가 정책수립이나 방향 결정에 대해 대국민 홍보 등이 부족한 것으로 판단되고 개선해 나갈 여지가 다분한 분야라고 생각합니다. 특히 방어력을 갖지 못하는 지재권이 대부분인 현 상황은 결국은 국가 경쟁력 재고에도 부정적 영향을 미칠것이라 생각합니다 이 제도를 이용하는 이용자 입장에서도 다각적인 조사와 제도개선이 필요하다고
360,171 산업자원통상부보다 특허청에는 인재들이 많습니다. 특허청의 인재들과 산업현장의 관계자들과의
361,169 지식재산권의 중요성과 가치평가에 대한 정량적 기준이 없어 정부지원 자체가 어려운 구조다. 평가 기준의 수정이 반드시 있어야
362,168 지식재산의 종류와 보유하고 있는 소스가 어디인가? 어떻게 이를 빅데이터화할 것인가 구체적인 중장기 계획을 세우고 각 스텝별로 전개
363,167 공무원 교육이 최우선이다
364,166 특허청의 쳬계적인 관리 및 운영이 독자적으로 별도로 되어야 함. 일레로서 독립채산제이지만 상부의 지원을 충분히
365,165 관심을 자지는 것과 대응역량을 강화하는 것은 다른 것으로 보입니다. 靜 과 動의 문제라고나 할 까요? 생각만 있으면 뭐합니까? 실행하지 않으면 아무 의미가 없는 것을...아직까지는 실행할 의지가 부족
366,164 1. 특허청-->지식재산부로 승격해야 함 2. 장관급으로 격상해야 
367,163 현정부가 적극적으로
368,"162 대외 이슈로 국내산업 전반을 헤아리는데 한계가 있ㅇㅓ보인다. FTA 재협상에서 상대적으로 비중있고, 공격적으로 대응할 필요가있음. 특히 FTA가 연방법 위에 존속되어야함. 특허분쟁이 활성화되어 창업과 중소 벤처 기업 활성화될 필요가있음. 지식재산 서비스활성화는 국내 기업의 체질을 강화시킬 것으로 예측함. 단, 역기능 예측하여 문제점 방지"
369,161 지속 가능한 계획과 심사위원의 전문성이 요구된다.그리고 경쟁보다는 창의성을 미래 산업으로 분류하여 지속 할수있도록 해야
370,159 전문가 와 비전문가 중 전문가는 국가에서 이끌어 가지만 비전문가의 관심있거나 적용할려는 비전문가는 토양을 지원해야 합니다. 토양 : 지식 자금 대회 홍보 기타
371,158 정도의의지를갖고 자기생각보다는 나라를생각하는 리더쉽의 지적재산권에대한  
372,"156 우선 정부에서 4차 산업혁명에 대한 정확한 개념과 이에 대한 구체적인 로드맵을 학계 및 산업계에 전달이 필요하다고 봅니다. 그리고 이에 따른 정부의 중소기업 지원방향 및 정책을 펼칠 필요가 있다고 사료되며 중소기업의 여건상 금융, 기술 및 지식, 기타 전폭적인 지원이"
373,155 현 정부는 지적재산권에 대한 특별한 아이디어가 없는 것 
374,154 융합분야의 지식재산 담당자 육성 
375,153 현 정부가 추진하는 지식재산에 대한 어떤 정책을 펴고 있는지 잘 모르겠다. 우선 정책 홍보가 되어야
376,152 신정부 들어와서 4차 산업혁명을 주도한다고 보여지며 정부 부처간에 협조가 절실하며 국력의 낭비가
377,151 뚜렷한 관심사를 표명하지 못하고 있음
378,"150 일상적이고 일반적인 관심과 대응역량으로는 발전이 어려우며, 전문성 있고 현실적인 측면에서의 적극적 대응이 필요하다고 생각합니다"
379,149 지식재산은 4차산업의 주도적인 역할을 담당하는데 기초적인 자산이 된다. 지식자산에 대한 평가 및 그 산업에 미치는 영향을 정부 차원에서 적극적이라기 보다는 발 맞추어 간다는 생각이 든다. 정부에서 지식재산에 대한 확보에 금융및 세제등의 제도적인 차원의 지원을 아끼지 않고 지식재산을 확보해 가야할 
380,148 배포된 다수의 안내자료를 통해 정부의 실천의지는 이해하고는 있으나 산업현장에서 활용도 높게 다루어질 수 있도록 사업시행에 대해 보다 구체적인 안내와 함께 적용 사례별로 홍보하는 것도 필요해 보입니다
381,147 지식재산에 대한 국민들의 인식부족에 대해서 지속적인 홍보와 일관성 있으며 통일성 있는 정책 실현에 대한 노력이 필요하다고 봅니다
382,146 지금처럼 설문조사를 하는 것도 좋지만 각 지역별 직종간 전문가들을 발굴하여 각 지역단위별로 지식재산관련 위원회를 발족시켜 활발한 디스커션이 이루어 질 수 있는 붐을 조성ㄴ할 필요성이있다
383,145 관심이 많은 척 대응역량이 있는것처럼 지속적으로 언론플레이만 하는것같아 많이 아쉽습니다
384,144 지식재산은 아이디어산업입니다. 아이디어관련산업으로 육성이 필요합니다
385,143 마스트플랜이 훌륭하더라도 실무자들의 지재권 인식은 여전히 많이 뒤떨어져 있다고 판단됨
386,142 과거 성공사례나 국제 소송사례를 환기할 필요가 있음
387,141 뭘 추진해보려고해도 끊임없이 견제하는 세력들이 있어 일에 차질이 있을 것 같다
388,140 지적재산은 국가의 재산임을 알아야 한다
389,139 사장되어가는 지식재산을 특허청을 통해 적극 활용 하기
390,138 각 부처별 연계가 어렵다.예를들어 특허를 받아서 기업의 성장을 위해 자금을 대출하려면 기보와 진흥공단은 중소기업청 소속이지만 서로 다른생각으로 자신들의 입장만 생각하고 기업에게 갑질하는등 그 피해로 캐피탈을 이용해 회사가 망가지고 불행해지는 일을 겪고있으나 밑바닥을 전전긍긍하지만 누구하나 기회를 주지않고 국가에서는 한발 앞서서 신용불량자로 몰아가는게 대한민국입니다. 빚에 시달려 삶을 포기하고 싶은생각이 하루에도 수십번 듭니다.그래서 사업실패는 곧 가정파탄의 지름길이라 생각한다
391,"137 원래 발명가의 역량은 아이디어 창출력은 우수하나 실제 사업분야는 매우 어려운 분야라고 합니다. 즉 사업가는 타고난 재질이 있어야 한답니다. 그러나 현재의 정책방향은 발명자가 직접 사업하는 시스템의 지원사업으로 느껴집니다. 아무리 좋은 기술이라 할지라도 유능한 사업가와 협업으로 운영하여야 효과적일 것입니다. 고로 사업성이 좋은 유망한 기술은 관련 현장에서 오랜동안 업무를 경험하면서 사업력이 우수한 경영자, 영업맨, 관련 기술자, 발명자 등과 협업적으로 엮어지는 창업으로 지원하여 주시고, 관련 특허(독점권)의 소유한 분야는, 예외적으로 영업하는 구간 및 시기를 정하여서 지원하는 정책이 요망됩니다"
392,"136 현정부의 정책기조인 사람 우선정책에 매우 공감함. 지식재산은 사람, 엘리트 집단 및 집단이성으로 구현되고 발현되는 것인바 이를 구현하기 위한 정책 및 전략과 로드맵의 제시가 요구되며, 산업종사자의 재교육 및 우수 인재양성 프로그램의 구축 및 시행이 시급함"
393,135 지식재산권자의 편에서 현실화 할수있는 사회여건이 많아서면 한다
394,134 지식재산의 타국 무단 방출을 막을 수 있는 현명한 대책이 필요합니다
395,133 적극적인 정책 필요
396,132 지식재산을 위한 산업 영역 확장을 위해 노력이 필요
397,131 전문적인 지식 능력자가 부족한것 같다
398,130 충분한 소통이 필요 
399,"129 먹고 사는 일에 관심이 없어서 그런지 경기는 엉망이고, 기업에 대해서는 부정적인식이 팽배하고 효율가치를 따지지않고 한마디로 경재관념 제로 지적재산에 대한 관심도 제로인것으로 생각됩니다"
400,128 지식재산에 대한 지원 등이 활발히 이루어질 수 있도록 해야 함
401,127 해외에 나가있는 인재영입 및 국내 인재 초청 및 포럼개최와 경쟁심을 유발할 수 있는 공모 등
402,"126 외국에 비한 지적 재산권에대한 지원도 역량도 정책방향도 모두 부족한 사람들이 국회에서 과연 이나라가 국가 백년대계를위해서 후손들에게 무엇을 물려줄지 너무 바관적인 생각이 든다 국회의원들의 자기밥그릇챙기기, 보이기위한 쓰잘데기없는 행정 등은 지양되야하고 보다 실질적인 지원이 아쉽다"
403,"125 지식재산권이 매우 중요한 분야인데, 정부에서는 핵심적 위상을 보장하기 보다는 부수적인 기능 정도로 이해되고 있어 향후 이에 대한 개선과 역량강화가 반드시 필요하다"
404,124 미래주도권 확보 및 실용적관점에서 보다 구체적인 활성화와 운용정책을 해당부처의 공무원만이 아닌 국민이 함께할 수 있도록 해 주셨으면 
405,123 지식재산 부처의 위상만 보아도 정부의 관심도를 알 수 있다
406,"122 말로만 4차 혁명시대에 대비하지 말고, 실질적으로 교육분야, 행정분야, 지방자치단체에 대한 지원 등 4차 혁명시대를 대비 및 대응할 수 있도록 전체적으로 체계를 재편성하여 국가의 기술개발 및 발명자의 보호 및 기술관련 종사자의 대우 및 기술분야의 기초교육 등이 집중적이고 탄력적으로 이루어지도록 제도적인 행정적인 개혁이 절실히 필요하다고 사료됩니다"
407,121 중고등학교에 정규교과의 발명교육이 필요하다
408,"120 1) 미래 산업의 핵심인 지식재산이 우선 검토되고 보다 산업(수요자) 중심 구체적 방향성 제시 2) 글로벌 경쟁을 염두한 적확하고 정밀한 분석을 위한 각 분야별 폐쇄 포럼 등이 활발한 작동 -> 지재권 컨트롤타워를 통해 포럼 결과는 선별적 수시 정책 반영 및 적극 산업지원(RnBD) 3) '4차 산업혁명'을 선도할 IOT부터 AI로봇에 이르는 All Spectrum체계 구축과 연계, 연관 산업 Supply Chain 마련 필요"
409,"119 모든 국민이 함께 가야하는 길이라 ! 계획이 잘 세워지면 중상층이 앞서고, 제일 앞선이가 지방핵심으로 내려와 도와주면 국가의 미래는 밝다하겠습니다"
410,"118 지식산업의 핵심은 지식재산의 생산자와 소비자 간의 원활한 지식재산의 유통임, 즉 지식재산권이 거래될 수 있는 증권시장 같은 시장이 공식적으로 없음. 이는 반드시 필요함. 따라서 지식재산을 생산하는 집단이 바로 지식재산을 바로 환금화 할 수 있는 공신력있는 시장이 반드시 만들어져야 함. 단순히 거래하는 것을 넘어 유가증권화 유동화 할 수 있는 시장을 만들어야 함"
411,117 지식재산을 기반으로 하는 산업과 이를 지원하는 지원산업이 지나치게 정부 주도로 이루어지고 있다. 지식재산을 활용하는 기반을 조성한다는 측면에서는 바람직한 면도 있으나 민간영역의 자생력 확보라는 측면에서는 오히려 기초체력을 쌓을 기회를 부여하지 않는 면도 분명히 있다
412,"116 자율성을 더 부여해야 하고, 특히 대기업의 중소기업에 대한 지적재산권 침해를 적극적으로 막아줄 수 있어야 한다"
413,115 바탕이 약한 곳에서 시작하여 꾸준히 노력하고 있다고 봅니다.
414,114 지식재산에 대한 중요성과 미래에 대한 준비는 국가적인 중요한 사안이라 생각합니다. 국가적으로 체계적으로 관리하고 발전시킬 수 있는 계획이 필요함
415,113 현 정부의 4차 산업혁명과 지식재산간의 연계성에 대한 이해도가 높지 않은 상태에서 관심만 높으면 무엇하나싶다.
416,"112 - 전문가 의견 수렴, 결정후 성과와 최종평가는 최종결정권자의 몫. - 책임과 권환을 부여하고 적정시간 기다리는 인내심 필요(거스 히딩크 사례)"
417,111 우리나라는 특히 지식재산권 확보와 창조적아이템 발굴에 힘써야한다.
418,"110 지식재산의 중요성에 대해서는 정부도 충분히 이해하고 있는 듯 하나 지식재산 제도의 발전, 보호의 실천에 있어서는 중요성 인식에 비해 적극적이지 않은 듯 하다."
419,109 예를 들어 국내 특허의 가치가 왜 낮은가에 대해 제대로 알고 계신 분이 없습니다. 이 문제는 특허청이 해답을 알고 있다 해도 이를 해결할 수 있는 권한을 가지고 있지 않습니다. 전 부처적으로 해결해야 할 문제인데...별로 바뀌지도 않고 항상 그대로입니다. 좋은 특허를 만들자고 외치지만 기본적으로 좋은 특허가 창출될 수 있는 환경이 만들어 지지 않는한 불가능합니다.
420,108 미국이나 유럽과 같이 우리나라도 지식재산관련 독립적이고 전문적인 통합 부처를 두어야 할 것으로 판단됩니다.
421,"107 특허청에서 시급하게 해결해야할 문제점에 대한 제언 최근 몇년간 인공지능 관련 특허의 심사 동향을 보면, 심사에 따라 진보성 인정의 기준이 일치하지 않는다고 볼 개연성이 높음. 즉, 당업자의 진보성 판단 기준이 부명확하여, 전문가 수준에서 봐도 진보성이 인정될 수 있는 기술임에도 불구하고 등록이 되지 않거나, 그 반대의 경우도 있음. 인공지능 관련 분야의 특허 심사 기준을 설정함에 있어, 급속한 기술 발전을 고려하여 당업자의 기술 수준을 상시 모니터링 해야하고 갱신하야 하며, 청구 범위를 기술하는 방식이 다른 분야와 다르다는 점을 고려하여, 이러한 특성을 고려한 심사 기준을 설정하고 매년 갱신을 할 필요가 있음. 일본 특허청이 인공지능 관련 분야의 특허 심사를 위해 ZIT 코드를 도입하고, 심사기준을 만들어 배포한 사례를 벤치마킹할 필요가 있음. 또한 산학연 전문가의 자문을 통해 매년 인공지능 관련 분야의 심사 기준을 갱신할 필요가 있음"
422,"106 지식재산의 량(특허건수)으로 본다면 국내의 수준은 매우 높은 수준입니다. 다만, 그것이 산업용, 상업용, 등 실효적인 적용을 통해 국가 경쟁력을 높이고, 산업 발전에 이바지하고 있는냐? 는 의문입니다. 지식재산은 양보다는 질적인 면에서 그 효용가치가 있다고 봅니다. 따라서, 지식재산 양보다는 질적인 측면을 강화하고, 전폭적인 지원이 필요하다고 봅니다."
423,"105 관심: 관심은 있는 것 같으나, 이정도로 턱없이 부족하다고 생각된다. 통합된 강력한 권한의 기구, 권한이 필요하며, 지속적인 인재양성, 전문가 집단의 활동을 위한 투자가 필요하고, 각 협의 전문성이 더욱 구체화 , 현실화, 기업과의 연계가 실질적으로 되어야 한다고 생각함 대응역량: 지식재산의 위상, 기능의회복, 가치의 실현이 이루어지고, 그로 인한 부의 창출, 혁신적인 지식재산 토대를 구비하기 위해서는, 지식재산 분쟁 부분이 먼저 확실한 기반이 다져져야 한다고 생각한다. 법원에서의 정확한 판단, 분쟁에서의 최종결과, 소송진행의 어려움, 유명무실화, 높은 장벽, 로비로인한 잘못된 결과등이 반드시 근절되어야... 아무리 권리를 가지고 있으면 무엇하나, 법원에 가서 제대로 다투려고 해도, 결국 시간 낭비, 돈낭비, 원하는 결과도 얻지 못하고, 특허에 대한 무력함만 느끼게 됨... 법원의 정확한 판단과 로비 근절, 전문성, 신속성이 뒷받침되어 권리로서의 제대로 된 기능, 구실이 인정, 전제 되어야 한다."
424,104 좌우를 따지지말고 업계의 일인자에게 권한과 책임을
425,"103 현 정부의 지식재산 정책에 대해 관심을 가지고 있으며, 일시적인 보여주기식 행정이 아니라 지속적인 관심과 실행으로 선진국과 경쟁할 수 있는 지식 강국으로 발돋움 해 주시길 간절히 바랍니다"
426,102 정부가 제지하고 국민들에게 교육 또는 적응을 위한 기회를 제공하고 기업에는 새로운 먹거리가 되도록 지속적인 관심이 필요합니다.
427,"101 저는 현 정부의 관심과 대응역량에 대해 얼마나 알고 있고, 노력하고 있는지에 대해 잘 알지 못함"
428,100 중소기업 의 지식재산권 을 통한 제품및 아이디어 사업화지원 확충을 요함
429,98 교육을 통한 역량강화가 필요하며 지속적인 홍보가 요구됨 
430,"97 지식재산의 발전은 기업활동으로 이루어진다. 현정부의 기업체 활동을 제약하는 요소의 정책은 시정해야한다.법인세 인상, 최저임금인상, 친노조화, 친 시민단체화 정책 등"
431,96 기본 자세가 틀렸다. 구체적인 사안도 해결 못하면서 잘하느니 못하느니는 필요없는 것. 
432,95 - 기관들간의 중복 업무 통합 및 연계지원 강화 필요(예 : 특허청+중기청+중진공의 지재권 지원 업무 및 정책 수립 창구 통일) -동일 기관내 부서간 장벽 제거
433,"94 본인들이 할 것이 아니니, 전문가로 이뤄진 그룹 또는 팀, 조직을 개편하여 스타트 해야 할 것이다."
434,93 중국의 지식재산에 대한 일괄되고 강력한 정책으로 국가의 지식재산은 폭발적입니다. 폭발적인 지식재산 중에는 낮은 수준도 물론 있겠지만 중요한 지식재산 또한 매우 많습니다. -질적인 것만 중요한 것인지 지과 양적인 모두를 충족할 수 있는 정책수립 -정부의 R&D 과제평가에 지식재산이 포함되지 아니하여 IP출원이 거의 과거년도의 1/10도 안되는 기관들도 존재하여 지식재산의 핵심이 없어짐
435,92 전문 기관의 전문성과 활용성이 매우 낮아 집행이나 결정에 있어 주먹구구식 행정이 남발하고 있다고 생각
436,91 상설 의견 수렴 마련
437,"89 우선 국가시스템을 바꿔야 합니다. 그리고 기술자, 발명자가 우대받고, 사회에서 멸시받는 풍조를 바꿔야 합니다."
438,88 잘하고있는것같다
439,87 정확히는 모르지만 특허 심사관 업무가 과중해 보입니다. 공무원 늘리는 정책에 특허 심사관 인력도 확대하면 좀 더 좋은 특허가 나오지 않을까 생각합니다
440,86 지금 보다 더 구체적으로 내용 깊숙히 알고 많은 지원 부탁 드립니다.
441,"84 현 특허청, 특허심판원의 전문 인력(심사관,심판관)이 턱 없이 부족하다. 상표법도 모르고 근무하는 심사관,심판관이 많습니다"
442,"83 잘모름 관심있게 찾아본 것은 아니지만, 정부에서도 관련 내용에 대한 홍보 및 수행이 미흡한 듯함. 어떤 부분이 개선되어야 한다라고 말 할 수 없는 수준으로 잘 모르고 있지만, 뭐하는 지도 모르는 지금 정부 상태는 조금 개선되어야 한다고 보임"
443,81 지식재산권 활성화를 위해서는 지식재산권에 대한 유지관리비를 기업체에서 보다 활성화가 되도록 지원정책을 검토해야한다고 
444,80 지식재산에 대한 전문성을 갖춘 인재가 현 정부에 등용 되길 희망한다
445,79 여론이나 외형적 보여주기가 아닌 진정한 대응을 부탁드립니다.
446,78 정부는 기업이 원하는 것을 지원하면된다 무조건 위원회등 관여할 이유가 없다
447,77 긍정적
448,76 좀 더 적극적 자세로 빠른 적응력이 필요한 시기임을 인식하고 안정적정책을 시행하길
449,"74 특허청, 또는 다른 새로운 조직을 만들어, 지식재산 침해에 대한 관리, 대응, 대기업의 무단 기술 도용 등, 특허청이 하지 않는 지식재산에 대한 일절의 행정을 할 수 있는 조직이 필요하다"
450,73 중요성은 인지하고 있지만 실행 역량이 부족함.
451,"72 대통령 바뀐다고 행정부 전체가 바뀌지 않는다. 이전 정부의 인사나 현 정부의 인사나 대부분 그대로인 것을 안다. 대통령과 핵심 청와대 참모 몇 바뀌었다고 '이전' 정부와 '현' 정부로 뭉뚱그려 말할 수 없다. 게다가 새 대통령 취임하고 반년도 안 됐다. 대통령과 참모진은 매우 유능하고 지식재산에 대한 관심과 대응역량이 충분하다고 생각한다. 그러나 이전 정부에서 이어지는 현 정부의 관료들은 거의 바뀌지 않고 그대로이기 때문에, 대통령과 참모진을 제외한 나머지 정부 인사들에 대해서는 매우 실망하고 있으며 그들의 관심과 대응역량은 형편없다고 생각한다."
452,71 관심도에 비해 대응역량은 부족한다고 판단됨
453,"70 피부적 느낌은 상당히 미온적입니다. 일정 정도의 시행착오도 감수하겠다는 소위 벤처 정신이 안 보입니다. '주도면밀함 만이 능사라' 틀을 짜신다면 획기성, 혁신성은 위축되기 쉽겠죠."
454,69 좋은 국가를 만드는데 일조해주셔 감사합니다
455,68 특허청 심사관의 자질과 능력부터 향상이 필요함. 허무 맹랑한 인용발명과 연구개발 논문등을 퍼나르며 진정한 지적재산권 행사가 못되고 사장되는경우도 허다함.
456,67 아직 정부가 들어선지 얼마 안되고 그동안 산적한 문제들에 대한 처리로 인해서 아직 4차 산업과 관련된 정책들이 많이 없는듯하다.
457,66 특허청. 발명진흥회.지식센터의 역활은 매우훌륭한시스템인데 지식재산인 특허를 출원 시에서부터 사업화할수있게 해주는 과정이 허술하다. 
458,65 4차 산업은 산업체와 산학연 전문가 들이 자유롭게 창의적인 아이디어 기반으로 새로운 산업 활동을 생산해 나갈 수 있는 정부 지원 및 법과 행정 규제 등의 완화해 주는 것이 필요. 정부가 나서서 일일이 관리하는 방식은 아니라고 생각됨. 국내 창업자나 기업들의 지적재산권 보호와 외국의 무단 침해 및 사용을 감지하여 국내 산업체의 지적재산권이 세계 시장에서 활성화되도록 지원해 주는 방향의 정책 운영이 도움이 될 것 같음.
459,64 외국에 비하여 좀 늦은감이 있으나 점차 좋아질것으로 봅니다.
460,"63 대기업의 횡포와 정부자금으로 운영되는 지원기관들의 성과를 보고, 성과가 미흡할시에는 책임을 지게하여 아예 도태시키는 제도가 필요하다. 지식재산은 으리 국가의 보고라고 생각한다. 발명가들의 등록비와 연차등록비가 없어 중간에 소멸되는 경우가 일어나고 있는데, 특허청은 발명가가 있기에 존재하는 것이고 국가도 마찬가지가 아닌가? 특허연차 등록비가 비싸도 너무 비싸다. 실현이 되어 부가가치를 창출할때는 비싸도 상관이 없지만, 봉급쟁이가. 개인 개발자가 부담하기에는 너무 큰 가게부담이 된다. 무상급식도 하고 청년수당도 주면서, 국가앞날의 최고자산인 특허를 계속 소멸시켜버리니, 이는 발명가에 대한 푸대접이고, 또한 우리의 미래는 점점 도태되어 갈 것이다. 100개. 1000개중에 한개만 되어도 우리나라의 경쟁력은 바로 탄생되어 나타날것이라 생각한다. 특허연차등록비 너무비싸요 10분의 1로 내려주세요. 일년에 40만원 50만원 컴퓨터에 저장만 되어 있는데, 왜 비용이 많이 들어가나요? 발명가들이 봉이되는 나라가 되어서는 미래도 없다고 생각합니다."
461,62 행동이 없는 말의 잔치요 향연의 연속이다. 
462,61 우선 예산의 편성이 중요한데 필요한 분야의 예산이 미진한 상태이다
463,60 지식재산은 단기간에 대응역량을 수립할수 없다
464,"59 정부는 4차 산업혁명 도래에 따른 지식재산의 중요성을 다시 한번 더 인식하고, 이와 관련된 정책을 통합하여 추진할 수 있는 특허청의 기능과 역할, 권한과 예산을 강화할 필요가 있음"
465,"58 글로벌 혁신기술과 기술융합에 의한 사회경제적 전반적 변혁를 가져올 4차 산업혁명시대에 대한민국 누군가 시도해 보는 앎(지식)의 수용과 생성ㅡ자유로운 아이디어(영혼)을 위한 생각하는 시간 만들기 ; 우주산업시대의 4차 산업 융합 아이디어로 혁신적 발상으로 창의적 아이디어 구체화 스케일 업(scale up·키우기) 혁신적 발굴 대응역량 구축하기 ㅡ예) 2017년 9월15일 시행하는 지식재산 관련 발명교육법과 함께 재능발현(영재성ㅡ 창의적 아이디어 구체화 스케일 업(scale up·키우기) 교육혁명시스템의 재능발현 사다리 희망프로젝트 운영하기 - 예) 2018 학교로 찾아가는 재능발현 키우는 드림톡콘서트 사다리 희망프로젝트 운영 - 대상 : 유치원, 초등학교, 증등학교(인문계 고, 과학고, 마이스터고, 특성화고 예술고 그리고 전문대학교 일반대학"
466,57 한단계보단 두단계 압서서 진해을 해야 하는데 현재의 기술력 파악으로 4차 산업이 이미 시행되어지고 있고 4차 산업이라는 이름보단 산업의 밯전 방향을 잡아 미래 비향적인 방향이 필요합니다.
467,56 위와같은 동일한의견입니다 
468,55 이 나라의 젊은 유능한 청년들이 일자리를 찾아 해외로 나가지 않도록 일자리 정책을 세워 창의적인 재능을 극대화 할 방안을 적극 마련해야 한다... 유능한 젊은이들이 전공에서 떠나거나 해외에 뺐기고 있어요
469,54 공무원의 전문성이 좀 더 강화되어야 할 필요가 있음.
470,53 4차혁명의 구호에 불과한 이론보다 실질적으로 실무현황을 구체적이고 세부적으로 대응역이 중국이나 아세안 국가들 (개발도상국) 들이 추격해오고 있는 현실을 볼때 깊이있게 내실있게 정부차원에서 주도적으로 광역지방차치 단체장을 단장으로 책임감독으로 각력히 추친해야 할것이다. 
471,52 전문가집단 외 어찌 움직이는지 관심좀 가지세요.
472,51 획기적이고 혁신적인 아이템 발굴과 공무원들의 혁신적인 마음기짐이 절실히 요구됨
473,50 정부의 역할은 마중물이 되어야지 중심이 되어서는 아니될 것입니다. 마중물의 역할에 적합한 일을 하고 있는지 돌아볼 필요가 있을 것입니다. 
474,49 능력 있고 유능한 인재를 등용하여 그 역량을 발휘하도록 해야 한다.
475,48 4차 산업혁명의 지식재산 창출 활성화는 미래의 먹거리 산업에 중요한 핵심요소 입니다. 악의적이고 고의적인 지식재산 침해는 징벌적 손해배상제도를 도입해야 합니다. 그게 국가 경쟁력과 창의력을 높일 수 있는 기반이 될 것입니다. 
476,"47 대기업 위주의 지원만 하지 말고, 여러 스타트업들을 지원해주면 좋겠다. 제2의 삼성과 sk같은 그룹이 생기게 하고, 재벌 중심의 경제구조를 바꾸기 위해선, 아이디어 하나만으로 도전하는 사람들을 다양하게 지원할 필요가 있다, 자금이라던지 실패시 리스크 부담이라던지등의 방향에서, 그리고, 관련 기업들을 수도권에 집중시키지 말고, 지방으로 분산시켜, 지방 네트워크를 활성화 시켜야 학벌, 혈연 중심의 취업 구조가 바뀔 것 같다."
477,46 지식재산 관하여 다 같이 목소리만 내고 예산을 사용하고 있다
478,44 현재 유명무실한 국가지식재산위원회를 실질적으로 활성화하고 여기에 각부처별로 흩어진 저작권 및 지식재산에 관련된 통합하는 컨트롤 타워가 되어야한다. 특히 특허청도 산업통상자원부에서 분리하여야 한다. 
479,"43 4차 산업혁명은 남을 인정하는 바탕에서 발전할 것 같습니다. 그러므로, 지식재산권을 남의 노고를 인정하는 첫걸음이 되는 것 같습니다. 지식재산권 인정이 많아질수록, 국내 및 국외 경쟁력을 높아질 것이고, 4차 산업혁명을 주도적으로 이끌어 갈 것 같습니다"
480,42 지식재산에 대한 의미와 필요성에 대한 국민들의 홍보가 필요하다.
481,"41 한국발명진흥회 지식재산 경영인증 심사에 참여하며, 느낀 점은 중소기업의 지식재산권을 적용한 제품개발과 연구에 관심과 투자를 할 수 있는 분위기를 조성하고 있고, 지식재산의 중요성을 인식시키는 좋은 정책이라고 생각합니다"
482,"38 현 정부의 지식재산에 대한 관심은 높으나, 대응역량은 낮은 수준이며, 지식재산권이 도래할 4차 혁명시대에 능동적으로 대응하기 위해서는 관련 부처로 분산되어 있는 산업재산권 이외의 신지식재산권을 모두 관할 할 수 있는 현 특허청의 위상재고를 통한 지식재산부의 신설이 시급하다고 사료됩니다."
483,"37 위와 동일하게 아직 태어난 지 얼마 안 되는 정부이기에 평가는 유보하는게 맞는 듯 합니다. 중소기업벤처부의 탄생과 함께 공정위가 갑질 논란, 기술 약탈과 같은 일을 방지하려고 노력한다는 점에서 지식재산을 큰 맥락에서 관심있게 지켜봐줄 것이라 생각합니다."
484,36 대기업에서 중소기업의 지식침해를 원천적으로 막고 이에 대한 징벌적 손해배상을 실시해야 한다
485,34 적절히 대응하고 있다고 판단됨.
486,33 공공 지식재산의 의미가 사라지고 있다
487,"32 공부 안하는 장차관들, 관료들에게 맡기지말아야 한다."
488,"31 한국에서 사업성이 있는 지식재산은 대기업의 전유물로서 중소기업이 그러한 지식재산을 취득하면 대기업에 의하여 특허소송에 휘말리게 되며, 결국 사업을 포기해야 하는 상황이 발생할 수 있습니다. 반면에 미국은 대기업이 사업성이 있는 특허를 소유한 중소기업을 M&A 합니다.(정당한 대가지불) 그러나 한국은 대기업이 중소기의 아이디어나 특허에 대하여 어떠한 대가를 지불하지 않고 빼앗으로 합니다. 가장 안전한 방법은 대기업에게 특허를 빼앗기 던지, 아니면, 특허 소송에서 무조건 항복하는 방법이 최선입니다. 그러므로 한국에서의 특허취득은 큰 의미가 없는 듯 합니다."
489,30 이전 정부의 창조경제이론과 4차혁명은 큰 차이점을 보이지 않습니다. 이전 정부가 쏟아부은 전국에 마련된 창조경제센터를 4차혁명의 그릇에 자연스럽게 담아내고 민관이 협력된 기존 시스템을 일부 조정하여 운영안을 마련해야 할 것입니다. 또한 대학 RND지원으로 탄생한 특허기술을 산업화 하는 기존의 산촉법 또한 잘 활용해야 할 것입니다.
490,"29 산재권의 심사에서 주관성 ->객관성으로, 기술가치평가도 객관화할 수 있는 시스템 구축 필요"
491,27 무분별해서 잘 모르겠다
492,"26 특허권자들이 권리를 잘 보호받을 수 있도록, 형사 처벌 보다는 손해배상액 산정의 현실화 등 민사 소송에서의 실질적인 관련 법률 및 시행규칙이 개선되어야 할 것으로 보임"
493,25 지식재산에 대한 지원부족
494,23 지식재산 관련 전문가 양성 및 정부 부처에 전담팀을 배치해야
495,22 우리나라같이 자원빈곤의 나라에서 지식재산에 대한 관심과 대응으로 경제대국으로 갈 생각은 않고 정치보복이나 하는정부가 무슨? 한가지보면 10가지 알잖아요
496,21 유효 적절하다고 
497,"20 위에서 서술하였듯이 4차산업혁명은 단순한 인공지능이나 유비쿼터스 기술집약산업 뿐만아니라 인문학적사고와 기술의 결합이 결국 없어지는 일자리를 다시 창출하여 리딩하는 기회라고 생각합니다. 제로게임과 같이 생산집중방식의 기술은 점차 일차리 감소가 되겠으나 서비스기술개발과 효율적이고 합리적인 기술개발을 통한 공통사회 중심의 일자리 창출이 중요하다고 생각합니다. 이번 설문지가 비록 작은 기업의 대표로서 작성하는 내용이지만, 분명하고 차별되는 BM모델 특허에 대해서는 적극적인 심사관의 의지를 통해 지식재산으로서 인정받도록 해주신다면 첫술에 배부르지 않겠으나 지식산업의 혁명을 통한 일자리 창출이 가능하다고 생각합니다."
498,19 중국 선전의 아이디어 기반 창업투자 문화의 활성화 필요.
499,18 이원화체계를 단일체계 혹은 협조체계로 재정비해야하고 전문영역에 대한 전문가양성이 필요하다
500,"17 손해배상액 증대, 징벌적 손해배상 도입 등과 같이 법제화가 시급하나, 그에 대한 노력이 부족해 보입니다"
501,16 매번 유이한 상황으로 겉보기 능률을 중심으로 하는 것 같다. 실제 사용자 또는 수요자의 가치를 모른체 하는것이 아닌가 한다. 양적으로만 가는 것 같다.
502,15 지식재산이라고는 하나 재산가치는 부동산만 못하기 때문에 연구를 하지않는다. 부동산투자가 더 빠르기 때문에 지식재산이 있으면 정부차원의 가치평가에의해 정부자금으로사업을 진행시켜 야 더만은 연구자가 나오고 4차산업 혁명이 이루어 질수있을것이다. 부동산 투자보다못한 지식재산권을 누가 만들고싶겠는가?  
503,14 전문가의 직접적 참여 필요.
504,"13 적폐청산, 구태 혁신 등 다 좋은데, 제발 공부 좀 해라. 문재인 정부 인력들이 대부분 386 세대들이라 공부와 실력은 뒷전이고 사상과 전 정부에 대한 보상심리 등으로 무조건 깔아뭉개는 전략으로 일관하는 것 같아 걱정이다. 제발 공부 좀 하고 4차 산업혁명 컨퍼런스에서 한말 또하고 책 읽은 거 베끼지 말고 창의적으로 고민하고 같이 갔으면 좋겠다. 공부와 실력으로 대등하게 토론하고 해결책을 찾아보자."
505,12 정쟁을 멈추고 국제적으로 현실에 맞는 지적 산업에 ㅡ전문가 집단을 형성하여 제발 국민들에 삶에 질을 높여주길 바랍니다 적페 청산이 문제가 아니라 먹고살고 일할수 이ㅆ는 정책을 세우도록 놀략 해주기 바람니다 
506,11 관련 공무원들의 영혼을 바꾸는 작업이 필요합니다. 무엇보다 철저한 실행과 성과로 평가받는 공정한 평가기준 수립이 선행되어야 할 것 같습니다.
507,10 공무원 및 업무관련자들의 긍정적이고 적극적인 태도를 촉구 
508,7 산학연 전문가 의견 수렴
509,6 대국민홍보를 강화해야 합니다  
510,"5 지식재산과 4차산업혁명과의 연관성이 있기는하나 지식재산에 대한 규제를 많이 없애야 한다고 본다. 누군가 처음 아이디어를 내놓은 사람의 가치도 인정해 주기는 하돼, 그것을 가지고 따라하거나 복제할수 있어야 한다고 본다. 그대로 복제해서 이윤을 추구하는것은 문제가 되지만, 거의 100% 따라하기는 힘들어 보인다. 복제 하더라도 95%까지는 베낄수 있도록 규제를 풀어줘야 다양성이 존재하고 실질적으로 사용하는 사람의 편리한 지식을 생산하는 장이 마련되길 바란다. 새로운 지식도 중요하지만 기존 지식을 재생산하는것도 필요 하다고 본다. 최근 중국사례를 보면 정말 많은것을 베끼고도 큰제재를 하지 않아 여러가지 기술들을 많이 축적해 가고 있다. 특허 및 지적재산에 대한 기록은 남기돼, 규제는 많이 없애야 모방을 통해서 새로은 지식들이 많이 재생산 될것으로 보인다."
511,"4 집중형에 올인보다는, 다방면에 빠른 확산이 필요합니다."
512,3 오픈 마인드가 매우 필요하다.
513,2 전문가가 정책 수립및 활동할 수 있는 조직이 되었으면 합니다.
514,"1 지식재산으로 돈을번 사람 또는 조직, 또는 기업체가 있는가? 대기업의 횡포에 지식재산을 빼았기고 휘둘리는 경우는 있어도 우리나라에서 빌게이츠는 절대 나올수 없는 현실을 정부는 인지하고 있는지 모르겠다."
